ra,dec,u,g,r,i,z,plate,mjd,fiberid
86.4807399259677,0.406431085343764,21.58409,18.81102,17.39306,16.22347,15.59782,1247,52677,360
87.5551863101081,0.361873279980086,21.6951,18.73795,17.28358,15.95182,15.23054,1247,52677,499
87.8809164912699,0.375853661825177,21.56131,19.00726,17.35407,16.21972,15.57144,1247,52677,505
88.1042126650309,0.222736553253975,21.45644,18.72382,17.24832,16.04225,15.38871,1247,52677,554
88.3752093026799,0.243872268909763,20.17097,17.73855,16.38548,15.11287,14.42102,1248,54477,341
88.4489585540691,0.332953599836555,21.5389,18.79773,17.32355,16.03982,15.33007,1248,54477,350
55.9909766504328,0.845039536087538,20.89173,18.08074,17.46266,17.20849,17.13342,7331,56658,906
56.4857961494193,0.843531400260514,17.98595,16.77582,16.2295,16.00589,15.89195,1632,52996,619
56.9018943740659,0.845329737938313,19.23049,17.21716,16.38172,16.05841,15.88405,1529,52930,396
80.224782868997,0.83425138907514,18.12716,16.95737,16.40913,16.18926,16.05978,7261,56603,412
80.3439842168852,0.830512595005679,18.35316,17.11153,16.6132,16.39966,16.27895,7261,56603,409
80.2451846658537,0.759445339771986,20.2583,17.72536,16.26773,15.10048,14.46076,7261,56603,413
80.5153817020108,0.695533190169463,18.35388,17.29353,16.86982,16.69375,16.61706,7261,56603,368
80.5310671962758,0.65212616468452,20.93734,18.78768,17.35549,15.74121,14.83322,7261,56603,369
80.8648263186644,0.7438570374768,20.27327,17.86084,16.42569,15.15961,14.42588,7261,56603,331
81.1420737267584,0.772432930918425,20.41501,18.21362,16.79914,15.31853,14.45358,7261,56603,292
81.5010760463547,0.776602564045003,20.96136,18.42334,16.9644,15.27027,14.35267,7261,56603,210
81.6969682409304,0.706730631790127,17.09822,16.03646,15.68712,15.53984,15.48392,7261,56603,174
81.6232000545901,0.690299042612589,21.41811,18.67995,17.29773,15.96797,15.24004,1244,52674,329
82.2036181215145,0.658314284788204,20.42114,17.95803,16.56735,15.28324,14.60554,1244,52674,447
82.3776151291582,0.655805695568352,18.51831,17.18312,16.56709,16.29447,16.14258,2052,53401,323
82.4611496637206,0.716584479189413,19.29461,17.58884,16.94533,16.72765,16.60235,2052,53401,339
82.361119849248,0.685487473612432,19.75853,18.09424,17.41574,17.14964,16.99874,2052,53401,335
82.5700560836871,0.68975804097505,18.90158,17.5269,16.85674,16.55443,16.39288,2052,53401,374
82.6819831868791,0.716214316020718,19.10958,17.69579,17.04789,16.77481,16.62745,2052,53401,379
82.7752383320158,0.801605574568002,16.72386,15.47946,14.93361,14.68833,14.46396,2072,53430,370
82.8242665823176,0.77430068440914,17.2571,15.65451,15.13963,14.55403,14.33518,2052,53401,370
83.2111710828459,0.708939952406545,18.58763,17.27563,16.60342,16.3196,16.13949,2052,53401,450
83.3915841122668,0.761282298916445,18.20163,16.9334,16.3319,16.0578,15.90233,2052,53401,453
83.4664363724921,0.777610078430734,19.12162,17.8312,17.42871,17.24813,17.16633,2052,53401,531
83.5410322868141,0.692807937688572,16.85,15.56342,15.06483,14.87359,14.7831,2052,53401,536
83.6783514303552,0.772089320364914,20.2094,18.31591,17.44896,17.06503,16.78512,2052,53401,534
84.1482817647339,0.642668321746877,16.38034,15.14228,14.62816,14.41515,14.26009,2052,53401,613
84.2283147561841,0.70453576476344,17.2235,16.46866,16.48365,16.55374,16.6224,2052,53401,618
84.2422328537064,0.752843507698017,18.86058,17.23028,16.47231,16.1429,15.9599,2052,53401,612
84.2529013465378,0.788275713051966,17.04257,15.5861,15.6642,14.99645,14.90909,2052,53401,602
84.3527164061389,0.671577717840727,17.95963,16.67808,16.2751,16.1347,16.0455,2052,53401,617
84.35566803784,0.817254517857898,20.90294,18.65942,17.28951,15.81657,15.01777,1245,53770,452
85.8904768895366,0.655005115780632,19.94801,18.00044,17.09683,16.73794,16.50853,7257,56658,612
85.970797758732,0.67434622038668,19.80686,18.20759,17.44694,17.13337,16.91378,7257,56658,602
85.9995317037443,0.760410284314284,19.71809,17.93228,17.13127,16.82619,16.63731,7257,56658,606
86.0381090296278,0.819026870859521,21.21736,18.84782,17.44509,16.29465,15.68549,1246,54478,446
86.5479247351903,0.820134529128154,21.16796,18.22911,16.33367,15.32192,14.60133,1246,54478,527
86.9374934672047,0.644993287658002,21.38056,19.664,16.82383,15.0348,13.58833,1247,52677,437
86.9736127208552,0.722389720664261,20.50902,18.02885,16.58324,15.15522,14.40394,1246,54478,573
87.0089657706044,0.828046256646066,21.91784,19.01566,16.82673,15.58235,14.70083,1247,52677,337
87.0219725133627,0.73309127729986,20.97823,18.51513,16.58239,15.39069,14.53096,1247,52677,332
87.0619445797851,0.789009260470271,22.21477,19.58688,17.42599,16.15113,15.22745,1246,53783,616
88.510993192978,0.820442510085749,20.32499,17.99841,16.53923,15.30266,14.61557,1247,52677,620
54.5259170878279,1.26588257680341,20.55058,18.33437,17.37556,17.01755,16.80163,7331,56658,661
55.5410530712916,1.26623206306495,18.05611,16.35564,15.68311,15.43738,15.3242,7331,56658,821
80.0481667675731,1.07680644497694,16.04134,15.03682,14.63336,14.47409,14.40287,7261,56603,463
80.0879830800868,1.0823794335245,18.15184,16.91889,16.45674,16.28763,16.19976,7261,56603,467
80.1446038947648,1.05658639242683,17.0497,15.89419,15.42523,15.24564,15.32058,7261,56603,422
80.4010297100032,1.17908932253532,17.41985,16.24348,15.79889,15.61912,15.55967,7261,56603,383
80.4974289190076,1.07423845935134,15.83061,14.71294,14.3038,14.57992,14.08632,7261,56603,389
80.6054488128922,1.11235558237937,17.31382,16.15133,15.69397,15.57976,15.52574,7261,56603,346
80.9754434395018,1.13689883827213,17.56223,17.46462,16.39358,15.7791,15.06147,7261,56603,307
81.2921412925949,1.10241489127415,20.13745,17.36907,16.23053,15.10132,14.42257,7261,56603,258
81.607393817735,1.12555181885858,18.80227,17.77774,17.38675,17.22668,17.15102,7261,56603,186
81.7118016240057,1.18785222178238,16.83552,15.65989,15.21338,15.02488,14.95213,7261,56603,142
81.6647794631722,1.20069004694607,20.17306,17.68483,16.27684,15.0977,14.45953,7261,56603,156
81.7110215119828,1.06371988754594,20.40743,18.11869,16.69376,15.33897,14.53528,1244,52674,345
81.9193015524914,1.06593583482085,18.28678,15.9818,14.66786,14.25826,13.4937,7261,56603,132
82.0266037133038,1.13237395369945,16.50459,15.18312,14.68919,14.51255,14.43709,7261,56603,104
82.1957070717781,1.1533624275986,18.91327,16.81745,16.02782,15.73119,15.57139,7261,56603,79
82.2117028537149,1.08970124627188,17.55873,16.30663,15.89563,15.73123,15.64901,7261,56603,64
82.2147991012541,1.13456929771299,17.69268,16.43389,16.04524,15.88545,15.82177,7261,56603,65
82.2542304550603,1.05693760627706,17.48093,15.72839,15.04843,14.8241,14.72089,2052,53401,328
82.2731712246423,1.07944735480122,18.5369,17.46105,17.05694,16.88,16.79718,1244,52674,427
82.2165991022775,1.11186457000203,19.75945,17.83716,17.02876,16.68903,16.50007,7261,56603,61
82.4045204577984,1.08541189232928,19.19237,17.88154,17.24968,16.96093,16.77757,2052,53401,324
82.4236543265899,1.09451558424756,17.23808,15.64786,15.01637,14.7884,14.68237,2052,53401,327
82.3904339407817,1.20658773620942,19.32651,17.75107,17.13007,16.89304,16.79228,2052,53401,321
82.599412081527,1.15440894008224,18.10701,16.34744,15.53905,15.16493,14.96451,2052,53401,369
82.5563924092936,1.21048611742481,19.79729,18.04529,17.27935,16.93728,16.75652,2052,53401,365
82.5632635656813,1.22665996024615,19.23974,17.57343,16.89635,16.6293,16.4982,2052,53401,378
83.0375422241657,1.12699333182845,17.52398,16.0421,15.40322,15.13365,14.98692,2052,53401,401
83.0948402774966,1.14012390112379,20.10278,18.02892,17.17735,16.85343,16.6629,2052,53401,447
83.2461468681799,1.17166980759963,16.85776,15.55194,15.14762,14.99704,14.94561,2052,53401,449
83.247590311119,1.20003722322948,18.00292,16.26539,15.49275,15.18416,15.02153,2052,53401,442
83.2314868199115,1.16322062003885,20.22165,18.35571,17.48466,17.11105,16.87047,2052,53401,446
83.481751046961,1.21662081710983,18.80371,17.10419,16.16411,15.70085,15.35242,2052,53401,532
83.4128002340046,1.19539056631745,20.91361,18.27743,16.8549,15.62334,14.99939,1244,52674,625
83.5714836100098,1.1895605347424,17.68746,16.29579,15.62724,15.32185,15.15757,2052,53401,528
83.8843372439385,1.05909881925129,18.54147,17.2538,16.68313,16.44974,16.33292,2052,53401,566
84.0416388911171,1.12045193317335,18.16806,16.26461,15.47461,15.16823,15.27263,2052,53401,604
84.1527225131375,1.10979732758494,21.34896,18.75706,17.31087,16.04146,15.37094,1245,53770,417
85.9278662023674,1.23742220315837,21.39739,18.79776,17.37662,16.20591,15.50997,1246,54478,405
86.9523968196859,1.05575083634132,20.98418,18.19458,16.36163,15.35214,14.66736,1247,52677,326
87.0323041757595,1.20675546049401,20.99004,18.36915,16.91728,15.71018,15.15791,1247,52677,367
87.4411370534791,1.0714160646317,21.39453,18.96299,16.91019,15.71109,14.84654,1247,52677,412
84.0985980132326,-0.350264890788794,18.0106,16.50186,15.88938,15.66548,15.53923,2052,53401,66
84.073542214986,-0.239851558510131,20.22843,18.12144,17.15449,16.76395,16.51059,2072,53430,103
84.1928666133145,-0.243291228995127,18.25343,16.94416,16.44134,16.22317,16.10049,2052,53401,78
83.6145202348288,0.0380445475582319,19.29804,17.93739,17.32051,17.00373,16.85047,2052,53401,493
83.6312962173471,0.159490338490955,19.37115,17.70177,16.79014,16.31441,16.01774,2052,53401,481
83.6637864779172,0.125108769897932,20.68209,18.37365,17.11083,16.48843,16.07283,2052,53401,520
99.7107775371579,-1.0152819765248,18.37194,15.98578,14.77608,14.1973,13.78865,7258,56605,490
99.8487509013254,-1.07139664763062,18.2931,15.54402,14.19211,13.53752,13.09513,7258,56605,486
100.063663140334,-0.971001744106652,18.71377,15.47503,14.02213,13.39468,12.94242,7258,56605,424
100.27005154167,-1.0240353770565,19.27707,16.75296,15.46598,14.86056,14.43069,7258,56605,425
99.596435517741,-0.70751446392254,16.44524,14.99401,14.45149,14.23135,14.11356,7258,56605,494
99.9019442915732,-0.688228111303742,16.30869,14.81907,14.22559,13.98152,13.83462,7258,56605,476
99.9235983126542,-0.696657637718874,18.11262,15.55984,14.26648,13.66982,13.27262,7258,56605,464
99.8578984568012,-0.528431401865053,19.3075,16.65691,15.28921,14.64381,14.2546,7258,56605,499
99.9232777435129,-0.575429140660519,19.3161,16.82574,15.49405,14.86199,14.40858,7258,56605,480
100.243625536169,-0.554525280727127,17.53326,15.23979,14.31731,13.87701,13.61668,7258,56605,393
100.208910913863,-0.689040719733434,18.65517,16.47797,15.39157,14.88541,14.48853,7258,56605,429
100.390470319695,-0.555037077572858,18.24998,15.50566,14.08174,13.47944,13.09516,7258,56605,389
99.5229820758003,-0.27929150119569,19.70891,17.06121,15.67178,14.98431,14.4695,7258,56605,517
99.5987989803589,-0.164966544408601,20.06873,17.37537,15.96491,14.82924,14.21698,7258,56605,515
99.7198738240839,-0.195664679896081,17.4527,15.20457,14.22327,13.80928,13.54615,7258,56605,512
100.085591428843,-0.170594126409814,16.33307,14.75739,14.18637,14.01078,13.91708,7258,56605,574
100.051079559711,-0.283105899161924,19.12341,16.58392,15.26588,14.62457,14.14859,7258,56605,579
99.6257412893335,0.162070162492596,20.01221,17.46015,16.04796,15.35422,14.86037,7258,56605,503
99.6861840989021,0.178141472848015,18.27671,16.06061,15.01363,14.55837,14.26924,7258,56605,501
99.7346669319733,0.160287959215373,17.60005,15.64798,14.96702,14.64446,14.41837,7258,56605,526
99.7132586581585,0.197227382146932,16.34555,15.15453,14.64947,14.41756,14.21426,7258,56605,502
99.8639178574393,0.29698690326337,19.72306,17.05117,15.6027,14.8947,14.35347,7258,56605,522
99.9678102654406,0.305524208122626,16.38135,14.81422,14.224,13.96774,13.82713,7258,56605,560
100.148890289439,0.210900118449834,17.3626,15.30423,14.25304,13.77361,13.45362,7258,56605,566
99.8818287810244,0.559673838402222,16.59443,14.9641,14.35869,14.07938,13.90511,7258,56605,544
99.9595190096888,0.614494838947264,19.19112,16.63538,15.29524,14.59272,14.09674,7258,56605,543
100.156700757751,0.699374489839507,18.24353,15.52803,14.03644,13.3511,12.90407,7258,56605,587
100.189997532366,0.526644650324517,15.72759,14.49994,14.12587,13.94415,13.87341,7258,56605,592
100.325046443999,0.691780697688279,15.95982,14.58764,14.0624,13.88333,13.80201,7258,56605,634
83.1936583124608,-0.128046998751468,16.46373,15.13707,14.71039,14.53198,14.44355,2052,53401,195
85.6293470832781,-0.190084107479734,19.97955,18.11689,17.16311,16.67207,16.24503,7257,56658,465
99.7458939559669,-0.746502464751415,20.55886,17.7212,16.23746,15.49789,14.96155,7258,56605,498
100.093225611783,-0.8578467246024,17.55848,14.86093,14.59729,12.87539,12.67406,7258,56605,426
100.135858247017,-0.835307090733268,14.85567,14.1408,14.00877,13.99487,14.01255,7258,56605,421
100.061538121546,-0.788080399850211,19.46058,16.76526,15.39507,14.74972,14.31411,7258,56605,430
100.426343516602,-0.708962273500323,18.8389,16.36769,15.2108,14.66939,14.33108,7258,56605,394
100.56270787323,-0.823750478781243,17.61432,15.16935,14.04556,13.52006,13.19073,7258,56605,344
100.585908740381,-0.689441038276347,16.63498,15.16971,14.63309,14.36689,14.26615,7258,56605,351
100.459585523513,-0.772983462335762,19.49971,17.04481,15.77661,15.17081,14.7705,7258,56605,392
100.61300306047,-0.715030444831492,18.22024,15.66424,14.40254,13.81275,13.42666,7258,56605,348
100.64911952325,-0.810856604580424,18.24782,15.28496,15.20776,14.68453,12.88275,7258,56605,345
100.648094799953,-0.851536841391395,15.53489,14.6048,14.39718,14.32502,14.2755,7258,56605,343
100.746849828561,-0.77026454124024,15.25757,14.58035,14.49038,14.49997,14.49979,7258,56605,310
100.843671378544,-0.772298143972604,18.31279,15.82869,14.79757,14.35638,14.09628,7258,56605,316
100.861901130669,-0.78646126988274,17.41914,15.16559,14.00926,13.10122,13.1809,7258,56605,309
100.9079511591,-0.791248664068929,18.44154,16.22629,15.09477,14.54812,14.18415,7258,56605,303
100.918300717523,-0.693147585258308,18.04755,15.38009,15.04563,13.78939,13.38793,7258,56605,278
100.924960945274,-0.716882896546017,16.55116,14.74506,14.08645,13.86797,13.77649,7258,56605,276
100.926737522602,-0.869441537959945,16.71484,15.23075,14.65818,14.33652,14.19948,7258,56605,271
100.946603806818,-0.756386778022259,15.88955,14.41315,14.89784,13.70609,13.7387,7258,56605,268
100.94385150974,-0.827573569849037,16.67456,15.25658,14.68778,14.40886,14.27848,7258,56605,273
100.987275347415,-0.758123090131212,16.47881,15.16946,14.65938,14.44569,14.34483,7258,56605,279
101.014465212765,-0.697778508318868,18.20855,16.04986,16.15988,14.70607,13.77866,7258,56605,277
101.016405917104,-0.757912564881461,16.76548,15.32125,14.72048,14.46915,14.33289,7258,56605,266
101.043170422443,-0.807060096569905,18.03511,15.62227,14.48885,13.94889,13.61962,7258,56605,228
101.046333964669,-0.846807941134502,16.60745,15.2676,14.8016,14.52773,14.45389,7258,56605,227
101.062223642997,-0.801050757234094,16.3724,14.80086,14.18673,13.9063,13.78163,7258,56605,232
101.064509528147,-0.875976180528547,16.91608,15.28226,14.67293,14.36364,14.25769,7258,56605,233
101.063930774443,-0.840073774914358,17.7294,15.32982,14.22485,13.67977,13.36031,7258,56605,224
101.084677095913,-0.790376318343961,15.66428,15.12716,14.88557,13.56496,13.6881,7258,56605,234
101.091277740267,-0.807718638868472,16.38504,14.89285,14.32658,14.06503,13.95623,7258,56605,231
101.107617101301,-0.799777369574926,17.14263,15.55865,14.94938,14.71831,14.63904,7258,56605,226
101.155932523973,-0.775554299375666,16.88583,15.18121,15.18409,12.57092,13.10611,7258,56605,197
101.221403819964,-0.829490081319081,17.09298,15.58316,15.58242,13.61022,13.44883,7258,56605,191
101.26836373541,-0.736322122879823,18.70979,15.76447,14.50988,13.99372,13.73749,7258,56605,199
101.284845126515,-0.765784903759715,19.64215,16.73688,15.13201,14.01149,13.47564,7258,56605,146
101.379161757132,-0.781606115465775,15.34887,15.31746,14.89594,13.30219,13.30271,7258,56605,148
101.440089170446,-0.72675785708977,14.81476,14.7346,14.83394,14.39823,13.4381,7258,56605,156
101.434878587764,-0.687062704654178,19.67022,16.39065,14.8742,14.15627,13.66122,7258,56605,141
101.46710456041,-0.807318226458531,18.61948,16.34222,15.24818,14.75095,14.45378,7258,56605,152
101.545127628958,-0.704038481199262,18.43407,16.00385,14.72254,14.09892,13.65866,7258,56605,117
101.587876188796,-0.776200510967028,18.7628,15.68617,14.27985,13.70982,13.29861,7258,56605,101
101.610639106166,-0.71016236053574,16.15473,14.58536,14.1499,13.99001,13.88283,7258,56605,118
101.674126707026,-0.777186279664003,18.69098,16.01608,14.70142,14.08949,13.65679,7258,56605,109
101.685985139192,-0.715557954585513,15.6364,14.59404,14.26156,13.836,13.64238,7258,56605,75
101.698423601182,-0.683015022154646,17.96331,15.44903,14.36084,13.90272,13.61948,7258,56605,70
102.367946085543,-0.771047458925312,20.33535,17.45846,16.0372,15.34692,14.87566,7258,56605,2
96.1109888702745,-0.453163951202538,18.92984,17.40899,17.14594,17.03261,16.92126,1259,52931,27
99.7726207739996,-0.425136318589345,18.37494,15.97956,15.0186,14.8048,14.50882,7258,56605,482
99.8686897807781,-0.336614819891031,16.41547,15.02358,14.56885,14.38471,14.30559,7258,56605,540
99.8787196291863,-0.385852600838745,18.81198,16.02653,14.62627,13.96418,13.49142,7258,56605,539
100.190129360897,-0.340960184464452,16.37185,14.82039,14.18476,13.89882,13.75955,7258,56605,620
100.225405889932,-0.343306383760807,15.9331,14.55193,14.05514,13.83858,13.75843,7258,56605,619
100.652925715994,-0.282218551717472,16.7586,15.22506,14.65776,14.45439,14.35698,7258,56605,698
100.643659606018,-0.302692803362194,16.23257,15.52385,15.20704,15.21522,12.57526,7258,56605,697
100.712580994993,-0.341717996773597,17.71261,15.34186,14.22853,14.20036,13.40604,7258,56605,693
100.864190686714,-0.383562549825622,17.77569,15.58206,14.46634,13.95121,13.61369,7258,56605,740
100.922152073588,-0.426889745259643,18.49072,16.09097,15.95969,14.55682,13.53071,7258,56605,778
100.951847696112,-0.27091487028738,16.72481,15.28047,14.82094,14.03267,12.88799,7258,56605,775
101.150959779523,-0.446377051603097,20.09443,17.35551,15.90054,14.72193,14.11421,7258,56605,820
101.098610444657,-0.437848918300783,20.18173,17.49194,16.10071,15.3965,14.92432,7258,56605,818
101.35399275163,-0.362592609490783,18.88207,15.70511,14.32723,13.74524,13.36329,7258,56605,856
101.463902657507,-0.344035262287043,17.21199,15.17274,14.26948,13.90858,13.74086,7258,56605,899
101.476191376719,-0.326187685416186,17.80362,15.50526,14.46517,14.02423,13.76642,7258,56605,900
101.581817447928,-0.40252085374345,16.01502,14.68046,14.19128,14.03423,13.99204,7258,56605,120
101.691378636068,-0.315839396888978,18.1725,15.56275,14.25098,13.7755,13.05231,7258,56605,939
101.757914770242,-0.315488429994649,16.6933,15.08783,14.40303,14.15831,14.02356,7258,56605,937
101.823730346735,-0.345831236288848,16.9794,15.16778,14.27567,13.87308,13.65812,7258,56605,78
101.997658721974,-0.364429820806434,15.70388,14.44166,14.076,13.80697,13.80108,7258,56605,38
102.037659696013,-0.348418858740345,16.00147,15.0354,14.59001,14.36495,14.18227,7258,56605,39
102.056212558066,-0.416836040617038,15.6551,14.29481,14.74329,14.17425,13.55265,7258,56605,36
102.192806283506,-0.261156370818719,16.34338,14.84006,14.52795,14.41008,14.32011,7258,56605,40
102.145284018665,-0.330126355748848,20.15897,17.24609,15.69566,14.93834,14.40388,7258,56605,37
102.273817270993,-0.422619071289793,16.41835,14.68628,14.97932,14.51863,13.35032,7258,56605,27
102.473030899394,-0.351909547005804,18.1714,16.0719,15.00671,14.55609,14.26292,7258,56605,16
102.47909298872,-0.251276202921763,16.58568,15.20891,14.62562,14.40954,14.30935,7258,56605,17
82.8903466434746,-0.00642826470713014,16.17624,14.99247,14.60148,14.46837,14.43359,2052,53401,438
82.9247756071617,-0.0322577513306202,18.19662,16.56628,15.87193,15.60848,15.4522,2052,53401,426
83.0404294591172,-0.0238601086496887,17.56197,15.92929,15.1353,14.7783,14.52189,2052,53401,434
99.7724664639974,0.104357324079503,19.84649,17.07529,15.62049,14.95451,14.36956,7258,56605,527
99.9416275505455,0.0483146298062623,14.71591,14.94269,14.9298,15.25805,13.65709,7258,56605,568
100.209644697519,0.0466194211414468,19.43004,16.79319,15.39826,14.80828,14.46437,7258,56605,608
100.46892476511,0.116415772630884,17.92337,15.48013,16.30984,15.12974,13.19095,7258,56605,645
100.557953249013,0.170189298241016,16.52298,15.08996,14.5872,14.42418,14.26197,7258,56605,684
100.614387927571,-0.0382107772838216,15.75731,14.43029,15.57371,18.87903,14.08257,7258,56605,688
100.71026454128,0.104737160790385,16.78061,16.36617,15.57695,15.81089,12.96848,7258,56605,700
100.836817962283,0.122643711699923,15.65379,15.32446,15.4311,14.76341,13.62571,7258,56605,726
101.15053848689,-0.0320094925927789,15.31121,15.58514,15.32141,14.83198,13.55994,7258,56605,810
101.32859038218,-0.0226305965335629,15.65786,14.27966,14.84861,14.23019,14.25905,7258,56605,848
101.274437022343,-0.0229582742862376,16.05087,15.7844,15.45802,14.58652,13.85625,7258,56605,846
101.42182968582,0.0153524243693801,17.58609,14.97577,15.29177,16.38486,12.7471,7258,56605,847
101.559204777335,0.127005823818381,15.11872,15.44588,15.55401,15.07876,13.54368,7258,56605,889
101.516049065324,0.0522792904488566,21.18265,18.32631,16.82367,15.29664,14.48745,7258,56605,890
101.564402469895,-0.0224292669006998,19.28275,16.66011,15.31736,14.62873,14.16197,7258,56605,891
101.79115404821,-0.0345358203203658,20.116,17.44328,15.95116,15.1608,14.54982,7258,56605,940
102.136791021577,0.0867194975147808,17.38964,15.36965,14.61518,14.33391,14.13852,7258,56605,948
102.20223447502,0.00137222231177321,16.13739,15.40589,15.51279,14.90951,14.09133,7258,56605,993
102.247808604604,0.127552226214722,20.42479,17.94454,16.45072,15.50724,14.95377,7258,56605,990
99.9862769953057,0.430073007830258,19.44348,16.86663,15.4965,14.85648,14.3921,7258,56605,550
100.07482458631,0.483533012877806,16.38723,14.97587,14.47678,16.6176,14.12953,7258,56605,553
100.119683117462,0.44453331475989,17.27518,15.68627,14.95837,15.42455,14.44965,7258,56605,600
100.421629317763,0.518479595020084,17.44302,15.92265,16.3988,13.72931,14.37464,7258,56605,625
100.434348294841,0.462820331058778,16.53706,16.55868,15.77137,15.64456,13.9369,7258,56605,627
100.503494550175,0.560701600305262,17.87066,15.69092,14.2522,16.85826,13.4805,7258,56605,673
100.508322845431,0.464255790979234,17.03595,15.31208,14.65158,21.53497,14.30346,7258,56605,672
100.513212714048,0.521192881245784,19.26925,16.70125,15.37627,14.75687,14.31962,7258,56605,675
100.599538520381,0.405575092159579,16.77748,15.27387,14.71788,14.81829,14.30419,7258,56605,678
100.60888240466,0.587416541797237,18.03065,15.71204,15.71425,16.08164,13.54783,7258,56605,669
100.698340392186,0.405686584580127,15.5118,13.40196,15.20846,12.71374,13.33558,7258,56605,719
100.723065072708,0.450309435780006,17.95054,15.78527,15.55663,14.30311,13.68287,7258,56605,716
100.731642835551,0.396400508219282,16.87758,15.94895,14.89436,11.84722,11.95651,7258,56605,715
100.776537581299,0.588992812040242,15.5205,12.27581,15.20984,12.2455,13.33307,7258,56605,714
100.876501056542,0.496789107669825,14.22763,11.69617,14.56156,15.12409,13.12607,7258,56605,755
100.896372754461,0.381522019525923,17.37839,15.43384,14.32164,16.49301,13.49704,7258,56605,760
100.910722842299,0.589816433080826,14.83332,15.39574,15.1485,15.47842,13.12094,7258,56605,750
100.974695138285,0.50563591942769,18.87183,16.64862,15.41294,14.79364,14.35271,7258,56605,756
100.982791096423,0.486808129327556,17.85889,15.38055,14.36942,14.06631,13.57455,7258,56605,758
100.999263762962,0.423397598324903,16.56784,16.33005,15.37508,15.32601,13.11358,7258,56605,757
101.023495740662,0.439671487082157,16.92677,16.08778,16.73203,15.64717,14.7067,7258,56605,799
101.175461045026,0.557238082609726,17.65579,15.28196,14.74041,17.5364,13.53611,7258,56605,794
101.042872578408,0.56180302911532,16.08845,15.48892,15.53531,15.50713,13.83176,7258,56605,800
101.17799642869,0.589439630910717,18.11485,16.52217,15.28679,17.13126,13.31715,7258,56605,798
101.092795493891,0.466743774820709,17.64809,15.64299,14.83597,16.07632,14.40837,7258,56605,797
101.12435320815,0.480037534548173,15.79744,14.76481,15.42387,14.11155,13.93404,7258,56605,795
101.520825100539,0.468977120550012,15.6249,14.56811,14.01014,14.00982,13.84869,7258,56605,876
101.553497983241,0.498432336865559,15.38662,12.59393,15.44899,16.42434,13.78285,7258,56605,875
101.649978487154,0.490096844525582,15.85963,14.83866,15.29324,13.71094,13.55505,7258,56605,915
101.75139325315,0.416487978542474,19.81643,17.0866,15.54958,14.75161,14.20098,7258,56605,917
101.848369730244,0.434443414876683,18.10072,16.48287,15.53084,14.96152,14.51102,7258,56605,918
101.910073586261,0.475823810288905,14.90133,15.20489,15.48265,15.7495,13.37118,7258,56605,977
101.941643949808,0.560980947907687,15.76684,14.54148,14.01913,13.90458,13.72712,7258,56605,976
101.946491245754,0.459765831523057,16.23665,14.85771,14.28545,14.13367,13.96371,7258,56605,980
101.99132639383,0.405276547803736,16.67395,15.42257,16.86504,14.19445,14.37992,7258,56605,971
102.016669495069,0.458705426514152,18.86538,16.47818,15.33066,14.83393,14.50236,7258,56605,969
102.085322808076,0.575763600360971,16.14923,14.90123,14.37847,17.16581,13.96621,7258,56605,970
100.288305332052,0.842961013633306,16.89735,15.34054,14.75419,14.45128,14.2262,7258,56605,621
100.548106362742,0.871296277267485,19.28862,16.88878,15.6196,15.03223,14.65618,7258,56605,670
100.577538847355,0.983536009582204,17.41036,15.94985,14.55322,14.9819,14.71391,7258,56605,662
100.586597662223,0.917801533944799,16.7416,15.60451,16.49618,14.63282,14.38672,7258,56605,666
100.590073257932,1.00675709635074,19.73698,17.03719,15.50544,14.75874,14.21937,7258,56605,661
100.634676456824,0.896531307396202,17.10013,15.42124,15.87082,14.6468,14.47865,7258,56605,706
100.801339136711,0.853048607127963,16.49076,15.18313,14.61465,14.54413,14.3678,7258,56605,703
100.88509362224,0.977439414004319,18.24422,16.2937,14.21063,14.84362,13.90272,7258,56605,743
100.92760068106,0.856884680409578,16.60649,15.18706,15.55809,14.3789,14.28242,7258,56605,744
100.93349410174,0.93861992377145,17.00585,15.85537,15.12328,14.14083,12.02015,7258,56605,742
101.05327092222,0.857437375771898,17.05618,15.59346,15.94641,14.60695,14.38923,7258,56605,788
101.079436512731,0.834836812852541,18.62137,16.21895,14.99955,14.43162,14.03488,7258,56605,787
101.094334215835,0.999610609073509,17.97859,15.96762,16.20336,14.22344,13.73208,7258,56605,782
101.259417015447,0.91422468706641,18.73403,16.31777,16.2157,14.32022,13.83862,7258,56605,826
101.297755013146,0.97847533343212,18.30011,16.39928,16.29603,15.13061,14.11489,7258,56605,865
101.23891975931,0.99497859786844,19.35255,16.86284,15.45628,14.73666,14.22962,7258,56605,824
101.347571442376,0.810727438437978,16.78295,15.08749,15.52118,13.33623,13.18111,7258,56605,870
101.664840634097,0.896847714882627,16.17565,15.043,14.67894,14.40544,14.25099,7258,56605,905
79.8926958386621,1.32818802399689,17.69596,16.55805,16.09452,15.91371,15.85574,7261,56603,492
79.9284314244534,1.42040952169918,16.90407,15.74499,15.38161,15.24726,15.2006,7261,56603,487
80.0092920526334,1.38661366944318,20.98292,18.67233,17.3094,16.11271,15.48759,7261,56603,471
80.4241355387933,1.42455341482185,16.61926,15.64471,15.23452,15.05718,14.98077,7261,56603,390
80.8423291173917,1.31032353956787,18.55985,17.54101,17.15658,17.02263,16.91597,7261,56603,313
81.2412301245851,1.34173905133608,19.04549,16.83736,15.97689,15.69523,15.54225,7261,56603,263
81.2695307001262,1.34749018525656,18.19227,17.50395,16.2948,15.1496,14.34374,7261,56603,223
81.5015284590422,1.3695174734131,19.17474,17.36538,16.65999,16.40145,16.26561,7261,56603,182
86.3213431938495,1.33084368082018,20.37925,18.21427,17.20054,16.77683,16.50342,7257,56658,661
93.7309335218425,1.26301500780435,17.33677,16.34635,16.19969,16.21041,16.1905,1259,52931,338
93.7426851076006,1.28512495938706,18.03653,16.37722,15.61594,15.33171,15.13681,1259,52931,324
93.8432237137174,1.32621924683032,18.11923,16.53765,16.26839,16.21648,16.11358,1259,52931,340
93.8495369666909,1.36240205383322,17.04288,15.55558,15.34736,15.33453,15.26901,1259,52931,323
93.7973002544182,1.29144699195808,19.33385,17.75934,16.98825,16.66021,16.39917,1259,52931,336
93.8871639530945,1.3059244834878,16.52087,15.72976,15.52155,15.38462,15.43767,1259,52931,420
93.897754649362,1.36504111168414,17.19201,15.63428,15.28793,15.08548,15.08758,1259,52931,351
93.899499089879,1.40720204293384,17.52972,16.12791,15.89448,15.75382,15.75939,1259,52931,353
93.9979926504021,1.29608449618644,18.90365,17.3886,17.1086,16.93149,16.92322,1259,52931,348
94.0287083509339,1.38136404355337,18.6198,16.83763,16.01165,15.67761,15.48659,1259,52931,345
94.0444379434722,1.31246387970573,17.57671,16.08218,15.85972,15.81323,15.75961,1259,52931,355
94.0787497282926,1.26597741980017,17.16191,15.57382,15.18529,15.04627,14.98732,1259,52931,369
94.0962683144896,1.27922903048511,18.63446,17.00677,16.63997,16.53359,16.45343,1259,52931,367
94.2768744934532,1.28355971506519,18.45468,17.09247,16.39724,16.31796,16.19844,1259,52931,349
94.3028985248833,1.35341642540212,19.60945,18.01281,17.16813,16.91237,16.71236,1259,52931,343
94.3335532848906,1.40613689896508,18.63945,17.15341,16.73849,16.55766,16.44927,1259,52931,344
94.3212376892635,1.38588763422501,17.29658,15.79644,15.4267,15.28705,15.22184,1259,52931,346
94.3395242846378,1.35955135062716,16.45487,15.41446,15.30523,15.30373,15.31077,1259,52931,357
94.3408607056447,1.30169899913642,18.18623,16.65819,16.35208,16.23272,16.17879,1259,52931,341
94.3682800276505,1.36228628370392,17.13209,15.66285,15.28057,15.14163,15.09227,1259,52931,354
94.3616985489635,1.32857520797213,18.92754,17.41997,17.20492,17.12405,17.07906,1259,52931,342
94.3874431451916,1.37686879526118,18.81245,17.24694,16.83948,16.64682,16.54517,1259,52931,347
94.3975185372294,1.39257959672188,18.89091,17.35112,16.97392,16.79722,16.71373,1259,52931,391
94.4086462540012,1.362105848188,18.97211,17.45599,17.12911,16.98712,16.92596,1259,52931,398
94.424565785488,1.41885127872727,18.56812,17.05514,16.76553,16.65936,16.60282,1259,52931,388
94.4616219801106,1.27402523506642,18.28359,16.0446,15.00987,14.6009,14.35472,1259,52931,399
94.4980155347996,1.26629078998126,17.49614,15.94717,15.4357,15.51882,15.14042,1259,52931,381
94.5018572521041,1.36389245515881,18.24829,16.77017,16.57087,16.52364,16.49072,1259,52931,395
94.5457552510748,1.41561444192223,17.99337,16.67178,16.49027,16.47518,16.4396,1259,52931,387
94.548876411569,1.36173828091344,17.52994,16.18587,16.05114,16.03558,16.03015,1259,52931,382
94.5494427777588,1.31080477535272,17.99426,16.05851,15.22615,14.90025,14.71599,1259,52931,397
94.5508371647537,1.2764240788725,17.04794,15.67559,15.06797,14.81757,14.70427,1259,52931,396
94.5971572275364,1.36997088521085,19.11182,17.5097,17.08832,16.93032,16.82873,1259,52931,384
94.4854911013958,1.29940827173136,19.42064,17.7815,17.02739,16.69161,16.50322,1259,52931,394
94.6185148342881,1.33474363063572,18.48295,16.826,15.99431,15.63697,15.4594,1259,52931,383
94.6408059220804,1.31631873926184,17.97717,16.446,16.17982,16.1179,16.03833,1259,52931,392
94.6420455942138,1.40443840997516,18.92177,17.37976,17.05835,16.99604,16.88635,1259,52931,437
94.6659703287977,1.30933334224488,18.112,16.52535,16.05188,15.87817,15.72474,1259,52931,393
94.6885956623283,1.34036083024012,18.42004,16.83249,16.40431,16.2373,16.08535,1259,52931,440
94.6886454178558,1.42215214991817,18.05429,16.37612,15.92692,15.76749,15.59332,1259,52931,436
94.7170861198068,1.33153848891404,18.93415,17.21358,16.77596,16.60946,16.44009,1259,52931,432
94.7396753889896,1.39502778216853,18.37767,16.69032,15.82938,15.47509,15.22639,1259,52931,439
94.7660878549149,1.43000775567759,18.83348,17.17194,16.75564,16.59186,16.42563,1259,52931,428
94.7719595920147,1.39897714892544,17.96616,16.28185,15.45236,15.05658,14.79486,1259,52931,435
94.8196214879684,1.34388106004248,18.33959,16.82885,16.5404,16.43886,16.31946,1259,52931,421
94.8346110740426,1.3743403882589,19.23124,17.54514,17.16556,17.01041,16.8688,1259,52931,425
94.8430679284446,1.26588133311538,17.5761,15.87691,15.22252,14.94542,14.74933,1259,52931,438
94.8609752048658,1.27633410269951,18.18633,16.49218,15.65967,15.29113,15.26501,1259,52931,429
94.8910527725646,1.39645974753725,18.06032,16.33586,15.89192,15.71035,15.64135,1259,52931,430
94.926070133656,1.29283051210928,17.49733,15.97006,15.2262,14.95306,15.02378,1259,52931,434
94.9595729003928,1.29316240636288,18.44997,16.83152,15.96762,15.63577,15.40393,1259,52931,423
94.9692266042662,1.41417300341381,18.24338,16.68619,16.37587,16.33402,16.26546,1259,52931,426
94.9739280373117,1.35603501208247,18.85836,17.29233,16.93884,16.87596,16.78561,1259,52931,501
94.978301312087,1.28279220020808,18.2154,16.65046,15.79203,15.47518,15.24674,1259,52931,422
95.006024616559,1.27115290933672,18.00716,16.47253,15.69313,15.40856,15.44842,1259,52931,504
95.00707812764,1.3202061904442,18.63124,17.04937,16.59249,16.45704,16.30141,1259,52931,520
95.0084193399051,1.3586073547582,18.2952,16.57379,15.94243,15.7357,15.57316,1259,52931,502
95.0339144372251,1.34399924120894,18.94494,16.43684,15.14087,14.61369,14.25504,1259,52931,507
95.0318687516528,1.2720345168336,18.35259,16.77285,16.1114,15.89119,15.98932,1259,52931,503
95.0445631301963,1.31213119017799,17.58514,16.03153,15.23069,14.95917,14.77573,1259,52931,517
95.0494867474839,1.28070185189063,18.78808,17.38142,16.65322,16.40166,16.21516,1259,52931,516
94.9189606296757,1.31980109926402,19.38573,17.84278,17.06517,16.76703,16.57273,1259,52931,431
94.9512873831967,1.31595580301373,19.51711,17.90849,17.07041,16.74884,16.50811,1259,52931,424
94.9628605059573,1.3425622340266,19.19164,17.64856,16.87081,16.57149,16.35765,1259,52931,427
95.0819896001395,1.31036359914854,18.84376,17.31775,16.50498,16.17983,15.91045,1259,52931,505
95.1116071914548,1.29598235675373,19.84504,18.10868,17.32508,16.91486,16.69359,1259,52931,513
95.1326628538714,1.33708348566804,18.84954,17.32501,16.97747,16.8583,16.73323,1259,52931,515
95.1387336808027,1.29904884780485,18.42575,16.99252,16.69698,16.62129,16.50927,1259,52931,512
95.1610579789208,1.4016767543151,17.88847,16.51411,16.25244,16.20239,16.10059,1259,52931,510
95.1698699458429,1.33744171272625,17.07695,15.62674,15.19387,15.0416,14.96089,1259,52931,509
95.2009876332714,1.38590906598765,16.8937,15.70518,15.50461,15.4865,15.42175,1259,52931,514
95.069544098659,1.33128572268669,20.32181,18.15587,17.02663,16.60321,16.20208,1259,52931,519
95.2076449931822,1.42210663781285,19.06828,17.51385,17.0827,16.94874,16.7648,1259,52931,553
95.2601115008989,1.36938796066696,17.77502,16.04978,15.54273,15.35683,15.16004,1259,52931,555
95.2609081281922,1.39607591934754,18.69897,17.12064,16.57094,16.35879,16.15019,1259,52931,543
95.3144241830299,1.32015655799194,18.86225,17.18391,16.77306,16.63181,16.44982,1259,52931,556
95.3386717628526,1.36360548329816,18.53219,16.86253,16.36392,16.26154,15.9931,1259,52931,558
95.3002137881141,1.36497540899052,19.66006,17.81799,16.85486,16.42033,16.08928,1259,52931,559
95.4105346639532,1.2616725396694,18.62217,16.23949,15.06564,14.91548,14.42294,1259,52931,560
95.4107922640068,1.3468374324689,17.41406,15.9776,15.33753,15.07814,14.95206,1259,52931,551
95.4203990866342,1.29276013401623,18.9043,17.25943,16.76556,16.56979,16.44033,1259,52931,545
95.4327804128725,1.3095997391461,18.61887,17.14522,16.30048,16.19646,15.69297,1259,52931,546
95.4413728006111,1.35148406800889,18.41466,17.04577,16.68788,16.55607,16.46717,1259,52931,548
95.4546085372634,1.2776034856928,19.1287,17.10122,16.10401,15.71539,15.50173,1259,52931,597
95.4606073818392,1.32324033884143,18.92129,17.26156,16.65957,16.38984,16.19553,1259,52931,594
95.4789525699249,1.3055689366718,18.25064,16.7416,15.92423,15.59844,15.43167,1259,52931,598
95.4845620894789,1.40061230384708,18.81654,17.3024,16.40188,16.01649,15.83406,1259,52931,600
95.3832661483915,1.32328851588158,19.32376,17.0003,15.74931,15.17996,14.82613,1259,52931,541
95.5161928667569,1.35096704787302,17.71045,16.05954,15.17588,14.89655,14.63413,1259,52931,593
95.5192514673748,1.32921179338552,17.9728,16.4098,15.62404,15.31561,15.05106,1259,52931,590
95.5501143217167,1.2740572599323,18.27636,16.52752,15.64392,15.31892,15.02196,1259,52931,588
95.5513961880063,1.37627304483719,18.87914,17.17017,16.64012,16.46691,16.23115,1259,52931,599
95.5522674806623,1.31804906743172,18.29411,16.59863,15.7105,15.37613,15.08411,1259,52931,595
95.5720734922821,1.40853837075199,18.01482,16.46532,16.1119,16.03078,15.85097,1259,52931,582
95.6126529817552,1.31347631005143,18.90291,17.31075,16.86846,16.72293,16.49729,1259,52931,584
95.6239414110287,1.34068848897984,17.75699,16.02246,15.52639,15.34635,15.11413,1259,52931,589
95.6501390802118,1.27808237602405,18.24423,16.45141,15.50946,15.16336,14.87267,1259,52931,585
95.6515724901681,1.32926902170126,17.91155,16.21064,15.66085,15.4682,15.23769,1259,52931,586
95.5127290293783,1.2732116239366,19.90227,17.48673,16.13139,15.54786,15.05333,1259,52931,591
95.6184643436784,1.37974603321874,19.21401,17.43057,16.86615,16.67102,16.42274,1259,52931,583
95.7220641329831,1.39640517582485,18.42292,16.71659,16.30604,16.15098,15.99321,1259,52931,622
95.7274206515474,1.31341718811375,19.08214,17.30692,16.37059,15.93623,15.64196,1259,52931,633
95.7754915988176,1.32664908964473,19.02346,17.064,16.30739,15.98361,15.75619,1259,52931,640
95.7899942601161,1.27180933430573,19.0371,17.06461,16.31519,15.96618,15.71353,1259,52931,624
95.7163834499833,1.29835008344088,19.63144,17.81468,17.28366,17.04625,16.82669,1259,52931,631
95.9245502146739,1.40241831883065,19.30092,17.49576,16.55029,16.11126,15.78303,1259,52931,627
95.8097011716538,1.32198278758267,20.90923,18.44043,17.13122,16.48876,15.99204,1259,52931,634
95.8566956383542,1.37512001578351,19.44759,17.51227,16.49309,16.02791,15.6881,1259,52931,628
95.8791327073949,1.38652331202055,19.0894,17.01203,16.07707,15.57952,15.16738,1259,52931,629
95.9179469853166,1.38247619969429,19.94536,18.05396,17.0371,16.53766,16.11073,1259,52931,625
95.9644943532044,1.29117507134659,18.10044,16.34459,15.66745,15.38361,15.10611,1259,52931,638
95.9879020109593,1.35564103473748,18.28951,16.48024,15.7869,15.50095,15.28725,1259,52931,626
96.0765227398715,1.27074225262705,19.54414,17.73396,16.94293,16.63265,16.34252,1259,52931,637
109.171774298026,-0.82376910277016,20.65034,18.40441,17.28419,16.8546,16.66684,7450,56722,448
109.223684631528,-0.815083048654023,21.00277,18.29649,17.11875,16.69238,16.41364,7450,56722,449
109.223553591506,-0.678537784961323,20.00835,18.15811,17.42617,17.16824,17.00254,7450,56722,458
109.274970583287,-0.855163187910909,19.62423,17.39948,16.47063,16.10374,15.90082,7450,56722,402
109.38155904856,-0.877065883769853,20.67981,18.241,17.24812,16.8961,16.68864,7450,56722,411
109.382730812125,-0.729569959668679,20.72332,18.34885,17.25468,16.84382,16.61467,7450,56722,410
109.658043860505,-0.823608486060353,19.38892,17.67932,17.01112,16.73815,16.60196,7450,56722,366
109.561023315713,-0.828244416328724,21.00071,18.42983,17.15392,16.6475,16.32914,7450,56722,412
109.622505616342,-0.824226086771841,20.76451,18.26038,17.12671,16.74647,16.51201,7450,56722,367
109.654251546955,-0.806743648719439,20.60972,18.02795,16.74548,16.1378,15.80441,7450,56722,369
109.70381137524,-0.775048548197151,18.98462,17.09845,16.30813,16.00217,15.8098,7450,56722,372
109.730165934965,-0.744009009523347,20.885,18.45127,17.37997,16.95018,16.71072,7450,56722,376
109.749251338742,-0.757101942701586,19.83283,17.86752,17.04264,16.75371,16.60709,7450,56722,373
109.757828866807,-0.67685879594834,20.26573,18.17601,17.29124,17.00614,16.79827,7450,56722,323
109.910634176709,-0.723894134095328,20.69279,18.3863,17.36146,17.0188,16.81336,7450,56722,331
109.948446257317,-0.751947295366777,21.22764,18.45823,17.1216,16.55838,16.2165,7450,56722,330
109.979992631435,-0.745388080989927,20.84352,18.16921,16.83952,16.31171,16.01332,7450,56722,337
110.065367401703,-0.714931169210941,18.60254,16.70648,15.90653,15.5655,15.35836,7450,56722,293
110.079204975167,-0.77267103882413,19.08825,17.28199,16.57642,16.30845,16.17017,7450,56722,288
110.089971498386,-0.87671332945635,21.22639,18.23525,16.88513,16.23659,15.9135,7450,56722,281
110.139145098915,-0.868459848290175,19.84805,17.25835,16.15186,15.73237,15.50386,7450,56722,245
110.06547498726,-0.832115394110007,20.58408,17.97635,16.81048,16.35861,16.09814,7450,56722,285
110.0987106263,-0.721613818856379,20.49613,18.15498,17.1552,16.81076,16.59213,7450,56722,294
110.41924618826,-0.786856866024721,18.75221,16.87104,16.12972,15.8331,15.65493,7450,56722,212
110.382825777509,-0.823842910488674,19.8712,17.50364,16.51831,16.13688,15.89353,7450,56722,241
110.407909334207,-0.763275903017094,19.43801,17.4642,16.45436,15.81391,15.37005,7450,56722,246
110.431688116081,-0.862304822439172,20.11559,17.84937,16.99024,16.68171,16.50457,7450,56722,203
110.435976167096,-0.726191452547231,20.59053,18.03327,16.77265,16.24936,15.92437,7450,56722,251
110.546842157739,-0.878254096588253,19.84479,17.33154,16.34954,15.99186,15.81972,7450,56722,208
110.555273497786,-0.671878764742651,20.23228,18.28738,17.47236,17.18004,17.0742,7450,56722,215
110.45359717691,-0.69245333128277,19.83448,18.17483,17.49751,17.23555,17.0861,7450,56722,209
110.455119587232,-0.871736020635654,19.86846,17.74127,16.85816,16.53824,16.34189,7450,56722,201
110.566143395471,-0.857327932178954,20.91021,18.25202,16.99459,16.48988,16.21979,7450,56722,205
110.591850680516,-0.75452427161146,20.60774,18.08809,17.00989,16.5772,16.30625,7450,56722,170
110.694807450275,-0.804713786148446,20.47591,17.71363,16.54141,16.08607,15.83113,7450,56722,176
110.732392283614,-0.722407401832133,20.61895,18.14333,17.10871,16.73418,16.48829,7450,56722,173
110.742098217548,-0.797940254428574,20.79327,17.15816,16.28106,15.76311,22.82772,7450,56722,103
110.837550194788,-0.684968799052125,20.90283,18.26839,17.14816,16.66407,16.4333,7450,56722,112
110.865516860907,-0.671527612373713,19.13829,17.24301,16.56218,16.31252,16.20374,7450,56722,117
110.869771442152,-0.812753911036052,20.08853,17.48408,16.35899,15.95627,15.72632,7450,56722,107
110.788234014814,-0.86938250618971,19.81308,17.76007,16.99312,16.73128,16.57416,7450,56722,102
110.811817530973,-0.753287961233226,20.35834,17.91464,16.8066,16.35509,16.08697,7450,56722,109
111.0246002546,-0.71592051889128,19.43967,17.87866,17.28036,17.05784,16.96182,7450,56722,56
110.94913094,-0.780393096083506,20.65082,17.87901,16.535,15.90004,15.52908,7450,56722,44
110.975830107085,-0.752546075552739,21.14599,18.59524,17.45378,17.02661,16.79638,7450,56722,41
111.066039359792,-0.818847298166509,19.72741,17.4062,16.20642,15.67595,15.44448,7450,56722,46
111.072642658792,-0.708552894860909,21.25222,18.50218,17.3354,16.90376,16.6841,7450,56722,58
111.074822164274,-0.864066292649143,21.30849,18.3865,17.31308,16.76573,16.70794,7450,56722,8
111.09984047179,-0.878989679519968,17.94167,16.69177,16.25868,16.10189,16.06059,7450,56722,4
111.165863601885,-0.712103245019666,20.99177,18.2736,16.96022,16.43747,16.14809,7450,56722,11
111.185881138294,-0.669146755375603,19.71697,17.3344,16.33389,15.96898,15.7598,7450,56722,16
111.199197534311,-0.810714051863617,19.74155,18.07879,17.4502,17.22798,17.1026,7450,56722,5
111.218648290209,-0.736479114180107,18.80505,16.7201,15.90207,15.60641,15.45163,7450,56722,9
111.233194266266,-0.83117382096782,18.15787,17.03044,16.64688,16.49274,16.42136,7450,56722,6
111.207119253865,-0.784402616931328,20.18495,18.13129,17.27556,16.91344,16.68731,7450,56722,3
118.949442944417,-0.804426528449418,19.08281,17.15922,16.46078,16.22793,16.11438,7451,56739,460
119.230244179483,-0.879148912558567,18.34543,16.5148,15.81666,15.58297,15.4808,7451,56739,447
119.488568656098,-0.827741602013186,19.90182,17.90028,17.03404,16.75808,16.64978,7451,56739,379
119.515894343979,-0.670550064074822,19.10848,17.20642,16.4615,16.19096,16.0561,7451,56739,370
119.541577127931,-0.685158798373887,19.79473,17.78553,16.97976,16.72929,16.59162,7451,56739,374
119.708162220998,-0.758602965358978,18.62951,17.18331,16.71704,16.56406,16.54103,7451,56739,332
119.743897825221,-0.677177862082514,20.97877,18.36525,17.21805,16.78584,16.55525,7451,56739,326
119.845165818244,-0.715847131049068,20.5093,17.96463,16.9124,16.53259,16.34266,7451,56739,296
119.867444218035,-0.838164993232305,21.27492,18.62718,17.44823,17.01488,16.78777,7451,56739,286
119.753016180437,-0.722466669231897,19.6158,18.09396,17.49944,17.27035,17.13809,7451,56739,331
119.81082779206,-0.816493259155931,19.39352,17.09215,16.11913,15.73954,15.52979,7451,56739,288
119.965239982173,-0.699727599378528,18.32264,17.26307,16.93557,16.82282,16.80601,7451,56739,253
119.937733675137,-0.770505134878275,19.96485,17.7083,16.85133,16.57194,16.41756,7451,56739,255
119.989033241582,-0.683555715691748,19.6036,17.24693,16.30033,15.9353,15.7383,7451,56739,243
120.101039543224,-0.72027999424397,17.38654,16.21287,15.83343,15.70387,15.6536,7451,56739,207
120.151812276157,-0.731923232026962,18.89982,17.21214,16.62501,16.40705,16.29473,7451,56739,210
120.178858228697,-0.727554781597189,20.36593,17.8415,16.75614,16.30029,16.04632,7451,56739,209
120.644816942551,-0.850229392975722,20.56833,17.79727,16.59597,16.09436,15.83072,7451,56739,103
120.66733371297,-0.761690732026402,18.82687,17.0127,16.20017,15.87919,15.70776,7451,56739,110
120.704246561385,-0.747951524641071,18.54887,16.53347,15.79843,15.55417,15.42962,7451,56739,109
120.799382122818,-0.730464921630203,20.3212,17.81394,16.76305,16.38559,16.18979,7451,56739,56
120.854730713436,-0.873022375663776,18.99268,16.94579,16.18428,15.93361,15.80883,7451,56739,41
121.065298612981,-0.80979455483118,20.19456,18.15217,17.36913,17.06952,16.93899,7451,56739,15
121.066689900787,-0.87527734856799,17.8392,16.67937,16.34888,16.23319,16.23001,7451,56739,5
121.032004815588,-0.846578789549897,20.71697,18.18736,17.07702,16.67497,16.45362,7451,56739,18
121.040824363306,-0.793041272761719,20.34389,18.06217,17.13269,16.76524,16.53393,7451,56739,20
121.135700909049,-0.752541058239177,18.34675,17.11274,16.67455,16.50672,16.47748,7451,56739,19
121.186450289795,-0.789535409658529,19.6083,17.95882,17.34408,17.12425,17.05773,7451,56739,1
121.229595862798,-0.766846211654712,18.42123,16.86982,16.34842,16.19316,16.12365,7451,56739,16
108.891664190277,-0.261398574225343,20.92743,18.08154,16.71967,16.11185,15.76495,7450,56722,496
108.906548543491,-0.288359954690746,20.10406,17.9777,17.1026,16.72099,16.48823,7450,56722,495
108.965495430789,-0.430219060203215,21.19853,18.52567,17.18729,16.6143,16.31032,7450,56722,481
109.086582872004,-0.428800511588177,20.96357,18.05882,16.62403,15.93672,15.54762,7450,56722,463
109.090084704542,-0.447431271336684,20.25354,17.9868,17.02477,16.65137,16.42123,7450,56722,74
109.232818619678,-0.439859823272955,20.76409,18.3591,17.26433,16.8444,16.61955,7450,56722,461
109.22805350982,-0.284016029094129,19.16461,16.96427,16.09359,15.79254,15.61627,7450,56722,477
109.228155670287,-0.41385077693971,20.90244,18.3746,17.36278,16.96563,16.6794,7450,56722,468
109.312506821866,-0.253990680683412,19.14175,17.28781,16.5661,16.30853,16.19477,7450,56722,435
109.490261646564,-0.251195145492128,19.91122,17.85754,17.02654,16.70719,16.57779,7450,56722,436
109.502900628779,-0.287232021705699,19.65265,17.9623,17.22448,16.95729,16.7928,7450,56722,391
109.529732064333,-0.334804532885692,21.26064,18.40965,17.08661,16.47713,16.13401,7450,56722,390
109.53159566733,-0.421341656815012,19.0136,17.65209,17.11957,16.89454,16.79732,7450,56722,419
109.562507850785,-0.419598128274283,19.99099,17.76862,16.80428,16.43118,16.18406,7450,56722,362
109.592221900785,-0.253292822697561,20.3097,17.78641,16.68782,16.30987,16.04903,7450,56722,396
109.731726209407,-0.409561638948542,19.15337,17.27513,16.47826,16.15616,15.97658,7450,56722,344
109.83360378196,-0.350629641109461,22.33592,18.15365,16.81535,16.25198,15.93782,7450,56722,341
109.748898745441,-0.359485022173953,20.19021,18.15865,17.32196,17.03348,16.90814,7450,56722,348
109.845895454568,-0.274849093723442,18.49173,16.85029,16.13789,15.83178,15.64101,7450,56722,351
109.948843606571,-0.348659703893998,19.54112,17.65736,16.90951,16.6244,16.44367,7450,56722,318
110.001526151903,-0.389157910815008,21.63876,18.7373,17.37477,16.78348,16.4559,7450,56722,340
110.085771805079,-0.393260245917566,18.72009,17.39156,16.9081,16.71436,16.62478,7450,56722,303
110.093164005653,-0.37687583140053,18.28962,17.10132,16.79192,16.68072,16.65778,7450,56722,302
110.124597307167,-0.354013278090098,18.79804,17.39924,16.89037,16.69981,16.57989,7450,56722,265
110.132743257352,-0.386431772189336,17.96146,16.77456,16.42139,16.29889,16.25738,7450,56722,261
110.08064724087,-0.413895818678897,19.42226,17.71203,17.2611,17.06385,16.97001,7450,56722,295
110.147729112581,-0.362784205748206,19.29833,17.83553,17.2601,17.05558,16.9478,7450,56722,266
110.168693709705,-0.449391483299707,18.78864,16.78367,15.99266,15.68403,15.50635,7450,56722,297
110.170404088022,-0.329727281841631,17.65564,16.47784,16.20563,16.11951,16.10042,7450,56722,264
110.2022861876,-0.442720852973858,18.31927,16.92188,16.43217,16.25712,16.19184,7450,56722,299
110.218424532955,-0.386286946171817,17.6383,16.41421,16.0121,15.87315,15.82671,7450,56722,269
110.25178906153,-0.408551609825801,18.7352,17.14148,16.50139,16.25005,16.12102,7450,56722,262
110.255348974591,-0.459484206885418,17.98775,16.74032,16.28664,16.09037,16.00562,7450,56722,254
110.268421080897,-0.444818659728998,18.40103,16.98496,16.43938,16.23554,16.14005,7450,56722,256
110.165215973235,-0.393392780317288,21.11464,18.48843,17.09106,15.88286,15.2215,7450,56722,270
110.289364709939,-0.459330938759961,20.03748,17.50587,16.36662,15.95337,15.70009,7450,56722,258
110.308859284692,-0.405418087077754,18.01796,16.86826,16.52031,16.41801,16.37865,7450,56722,226
110.330279088297,-0.380247651448636,19.49621,17.193,16.28062,16.00762,15.85394,7450,56722,227
110.334140060645,-0.452886885669601,17.22431,15.91857,15.6806,15.61884,15.6122,7450,56722,260
110.361833495456,-0.426343156280513,18.91172,17.47884,16.88172,16.63085,16.48772,7450,56722,223
110.424093723435,-0.319125855502702,18.33378,17.37956,16.9311,16.74255,16.64601,7450,56722,181
110.361577516047,-0.286035280367925,21.05032,18.4791,17.1828,16.62435,16.27636,7450,56722,224
110.373855472696,-0.348360704011674,21.33925,18.85169,17.47906,16.56158,16.05075,7450,56722,228
110.391575823352,-0.361953341646178,20.08079,18.03626,17.13042,16.80377,16.58634,7450,56722,114
110.503085292634,-0.264228838266032,19.77643,17.53988,16.58364,16.23283,16.04131,7450,56722,191
110.681110881631,-0.25470990634621,18.96003,17.18036,16.46474,16.17471,16.00187,7450,56722,149
110.635921408521,-0.381114995910955,18.64217,17.30711,16.78033,16.57269,16.48164,7450,56722,184
110.809337481333,-0.312319933833898,21.30715,18.44432,17.06401,16.40163,16.01296,7450,56722,144
110.856418530126,-0.344654283602818,18.13599,16.82214,16.3211,16.14034,16.04904,7450,56722,129
110.796203625033,-0.282388568472391,19.9798,17.53505,16.50801,16.15599,15.95849,7450,56722,148
110.797276485715,-0.376880348641046,21.4876,18.52366,17.21712,16.58407,16.2074,7450,56722,141
110.866799628462,-0.318071013226833,20.80654,18.44671,17.49717,17.16186,16.96111,7450,56722,128
110.874818903586,-0.255754427779835,20.96395,18.53919,17.43465,16.99798,16.71724,7450,56722,133
110.891394495342,-0.261497293151349,18.52529,16.60558,15.85562,15.56476,15.39724,7450,56722,130
110.916416331114,-0.310432590009276,20.57207,17.89572,16.73569,16.26752,15.99371,7450,56722,126
111.015026082142,-0.350615370891313,18.1534,16.55238,15.91013,15.66905,15.56613,7450,56722,121
111.073054199581,-0.460172801361861,18.6135,17.31242,16.80873,16.65203,16.58507,7450,56722,59
111.067766275132,-0.353675140435681,21.32714,18.47851,17.15899,16.60521,16.34318,7450,56722,85
111.23768499283,-0.352691334849126,18.8299,16.71506,15.93711,15.69321,15.56663,7450,56722,67
111.253227950658,-0.411538579622326,20.43081,17.75206,16.58722,16.18662,15.95478,7450,56722,65
111.194863138036,-0.313045920536505,21.1015,18.55304,17.44674,17.02353,16.78711,7450,56722,68
111.26530836672,-0.343396082272358,20.9746,18.26698,16.96321,16.44819,16.15765,7450,56722,62
111.329980953375,-0.411628984030683,21.50401,18.77142,17.41566,16.82605,16.48536,7450,56722,61
111.354014956197,-0.262988011180174,19.39832,17.80109,17.16189,16.92198,16.80071,7450,56722,64
111.366653601172,-0.342890868070877,21.45103,17.99262,16.85174,16.47285,16.38288,7450,56722,30
118.605868569725,-0.252900451053716,18.34568,17.07895,16.64373,16.49427,16.46364,7451,56739,488
118.572535648348,-0.327989958172475,19.47164,17.69217,17.07047,16.8963,16.81822,7451,56739,493
118.58659837192,-0.280587197961375,20.3045,17.9644,16.88861,16.49915,16.2707,7451,56739,495
118.716467955697,-0.392549728347419,18.67834,17.44676,16.9895,16.85618,16.84431,7451,56739,469
118.692508339405,-0.377686469071552,19.49889,17.1403,16.21554,15.93469,15.773,7451,56739,492
119.085750308123,-0.250419049994555,19.21783,17.86806,17.39598,17.26973,17.20551,7451,56739,439
119.130476894987,-0.334326486081523,20.41693,18.19587,17.3107,17.024,16.86839,7451,56739,427
119.263643252532,-0.396180690768448,19.92986,18.11293,17.45334,17.2639,17.13666,7451,56739,433
119.35475769846,-0.26192344613779,17.65269,16.34654,15.88982,15.73371,15.68267,7451,56739,382
119.373637930281,-0.378858905989027,19.91952,18.09458,17.39017,17.14361,17.01148,7451,56739,397
119.435025600662,-0.342794379272203,18.20852,16.61058,16.01878,15.8299,15.74656,7451,56739,395
119.537944543507,-0.38283561021164,19.96738,17.51206,16.46338,16.07523,15.86429,7451,56739,344
119.564323782598,-0.312709992204892,17.46082,16.22732,15.76486,15.59897,15.52217,7451,56739,349
119.464068314136,-0.377591504206605,20.47883,18.24328,17.36013,17.05251,16.88088,7451,56739,387
119.534638928384,-0.40050129024247,20.8224,18.20391,16.99109,16.52302,16.23529,7451,56739,346
119.749070597529,-0.40411829809066,20.61272,18.18698,17.10547,16.68005,16.47867,7451,56739,360
119.805986411135,-0.381457360872843,18.16232,16.92756,16.50543,16.3485,16.3024,7451,56739,304
119.837222183038,-0.371506385778152,18.74534,17.54251,17.11228,16.96264,16.91033,7451,56739,302
119.848335362856,-0.404753420552088,18.75009,17.64128,17.29883,17.16996,17.11762,7451,56739,319
119.785100254408,-0.349285992661922,19.91036,17.65814,16.72726,16.40339,16.25053,7451,56739,343
120.000969031463,-0.292578579397277,17.78465,16.38056,15.91605,15.76381,15.73223,7451,56739,262
119.878737122708,-0.358575218888114,21.52305,18.57828,17.45323,17.03463,16.80938,7451,56739,306
119.980872490782,-0.347917955208897,19.53206,17.34067,16.47169,16.15176,15.98508,7451,56739,268
119.991031694273,-0.320829796656717,19.53632,17.86362,17.27767,17.06872,17.01121,7451,56739,265
120.037321642244,-0.306640296119091,17.88045,16.23301,15.70241,15.54354,15.50507,7451,56739,230
120.060104278455,-0.332432070194281,18.87785,17.5236,17.01314,16.85284,16.7784,7451,56739,231
120.091479449163,-0.405862613568388,17.72242,16.54647,16.12613,16.00072,15.97197,7451,56739,229
120.11270996977,-0.400425000269585,18.65161,17.30262,16.82107,16.6754,16.64165,7451,56739,238
120.149177043314,-0.272599412011467,19.1227,17.86906,17.41965,17.25589,17.21638,7451,56739,186
120.07850010091,-0.337299181954913,19.247,17.76603,17.23602,17.06848,17.01554,7451,56739,234
120.321159905945,-0.339663103509471,20.40924,18.21147,17.35519,17.05542,16.87751,7451,56739,188
120.325880685513,-0.290940370778117,18.81667,17.4769,17.02826,16.878,16.81733,7451,56739,189
120.542907642508,-0.324665121546664,18.86321,17.57673,17.10814,16.93954,16.87543,7451,56739,150
120.552409812408,-0.375743828293378,18.41196,16.49662,15.76664,15.51664,15.38245,7451,56739,160
120.517396892288,-0.38787907628848,19.61201,17.16068,16.14456,15.80822,15.64252,7451,56739,143
120.58408817765,-0.369501268106024,20.08345,17.58212,16.47772,16.04282,15.78765,7451,56739,148
120.684969268894,-0.363714162302814,17.31621,16.12303,15.74328,15.62111,15.58206,7451,56739,126
120.744858843833,-0.388152260191402,19.04313,17.56194,17.03264,16.84181,16.75414,7451,56739,124
120.748865902237,-0.275120224081243,19.09264,17.264,16.63713,16.38869,16.32736,7451,56739,130
120.760881392571,-0.323749907294734,20.18874,18.04045,17.10881,16.75779,16.64366,7451,56739,138
120.898535244877,-0.415488564855799,20.30456,17.21504,16.32889,16.02703,15.89116,7451,56739,84
120.974642251309,-0.409532540692292,18.58471,16.78005,16.08494,15.83509,15.7019,7451,56739,90
121.012563890431,-0.403333195724896,18.8561,17.04779,16.33503,16.09192,15.97607,7451,56739,69
121.377504336981,-0.379440900206521,20.53104,18.2909,17.41223,17.13523,16.96029,7451,56739,23
108.885465539321,0.02930146396176,19.7168,17.61268,16.77517,16.47744,16.2877,7450,56722,515
108.932594520018,0.0561637100906949,21.22235,18.47104,17.19849,16.63657,16.26968,7450,56722,514
108.992628346897,-0.0209173422310751,20.03881,17.57472,16.70502,16.42325,16.28985,7450,56722,500
109.059389074329,-0.00645096172011734,20.1681,18.22837,17.3095,17.01022,16.84505,7450,56722,499
109.072047255375,0.167763927880059,21.12938,18.29826,16.92,16.31273,15.96802,7450,56722,516
109.099781071496,0.00360350172249155,19.78955,17.32577,16.29924,15.93614,15.75189,7450,56722,478
109.163905980775,0.056515472063135,21.01255,18.40947,16.98781,16.00863,15.47966,7450,56722,465
109.221100048065,0.124283068820467,20.71284,18.27804,17.21862,16.83632,16.57062,7450,56722,578
109.313617488529,-0.00781258035681531,18.76434,17.14091,16.40863,16.09053,15.90668,7450,56722,438
109.284121473836,0.120217053017872,20.2616,17.52376,16.24563,15.75342,15.44087,7450,56722,577
109.316743411101,0.134792338736123,21.03159,18.41147,17.14096,16.59812,16.3027,7450,56722,580
109.337049898053,0.11034216597596,20.84395,18.08951,16.76719,16.06897,15.69026,7450,56722,579
109.393595825066,0.0964030670704804,21.32687,18.63275,17.38722,16.91232,16.61813,7450,56722,440
109.554717510245,-0.0289808736041485,20.45245,17.87023,16.75363,16.36562,16.1346,7450,56722,397
109.629026740427,0.17023314700843,19.1576,17.24598,16.43547,16.13346,15.95336,7450,56722,618
109.970639232821,0.0393516655157507,23.07025,18.19676,17.15135,16.80327,16.58779,7450,56722,317
109.954950674223,-0.0330198298945086,20.79896,17.97103,16.52327,15.73429,15.28032,7450,56722,311
109.922597650543,0.13384405957483,20.77377,18.37352,17.27373,16.89928,16.6643,7450,56722,359
110.096262727996,0.108090402137857,21.77172,18.72544,17.30463,16.46758,16.00827,7450,56722,725
110.140094674633,-0.0375571732470327,19.88014,17.37988,16.3031,15.9527,15.72736,7450,56722,278
110.159585168018,0.0093455712935531,19.58759,17.3856,16.53333,16.19018,16.03983,7450,56722,275
110.159022604527,-0.0166029522735084,19.42269,17.30286,16.40456,16.05791,15.84532,7450,56722,273
110.167713655052,-0.0374935510379981,19.20811,17.89608,17.33499,17.13587,17.00912,7450,56722,267
110.226028136877,0.090147052593449,19.83623,17.78832,16.98,16.67763,16.50857,7450,56722,277
110.339849179743,0.076458874554208,22.27688,18.37642,17.13136,16.919,16.45196,7450,56722,240
110.593557475026,0.137356133241242,19.10696,17.73005,17.17991,16.98391,16.89665,7450,56722,199
110.672345483921,0.0981100290908955,19.2304,17.4724,16.76204,16.48532,16.32262,7450,56722,198
110.652238295717,0.00535621225472351,20.0888,17.95413,17.07541,16.76513,16.61779,7450,56722,194
110.755990467338,0.01765449856405,19.59767,17.3127,16.36056,15.99932,15.80384,7450,56722,156
110.796317970195,0.157450189663154,19.08541,16.9291,16.07296,15.72308,15.49759,7450,56722,896
110.859778017948,0.107014253902426,18.01983,16.52459,15.94762,15.73835,15.62918,7450,56722,160
110.746687147262,0.0789463924752603,20.14082,17.69422,16.68641,16.31376,16.09802,7450,56722,155
110.813703327286,-0.0387444309028,20.31289,18.19263,17.37629,17.06902,16.87294,7450,56722,153
110.836441072789,0.16016028778997,19.96134,17.6433,16.67056,16.29546,16.03582,7450,56722,899
111.034580991631,0.0671383258747742,19.60573,17.0777,15.97215,15.57094,15.35675,7450,56722,136
111.057476743276,0.0633976970255719,19.00431,17.27242,16.63527,16.42281,16.31704,7450,56722,140
111.11578826354,0.168556853860916,18.83653,17.23422,16.59109,16.37325,16.24217,7450,56722,976
111.135034483957,0.00289658748789278,18.51801,17.3915,16.99971,16.80534,16.71855,7450,56722,92
111.177836843558,-0.0131800153619659,20.22774,18.15663,17.31368,17.04238,16.83195,7450,56722,90
111.056285193733,0.0262559616105822,19.68548,17.66615,16.92632,16.67992,16.56288,7450,56722,96
111.110152128671,0.070479694790775,20.04456,17.96174,17.11307,16.80433,16.61751,7450,56722,99
111.132234595868,0.0635720228055503,19.67446,17.85081,17.12763,16.85678,16.70024,7450,56722,97
111.150075038713,0.123218068551942,19.82633,17.86751,17.09992,16.84255,16.67755,7450,56722,972
111.16436596058,0.0467424151693464,20.28615,18.05584,17.1642,16.86527,16.66093,7450,56722,100
111.310745283181,0.142058385666269,20.71271,18.38314,17.40639,17.08191,16.78695,7450,56722,1000
111.197562546618,0.130109712656478,19.24368,17.43391,16.69517,16.42531,16.2573,7450,56722,970
111.239760581654,0.0045021847073644,20.32732,17.82122,16.67397,16.25013,16.01603,7450,56722,221
111.251880524055,0.149055424194392,19.41654,17.40699,16.57297,16.28509,16.11435,7450,56722,997
111.296713586987,-0.0202752843937481,20.0321,18.1396,17.42975,17.18462,17.03337,7450,56722,72
111.198225510042,0.0799554965898949,20.33075,18.12792,17.19576,16.86297,16.67234,7450,56722,79
111.392547433531,0.0543725085231056,18.88923,17.26869,16.63666,16.41261,16.36408,7450,56722,39
111.404893246884,0.169408995064201,20.46185,18.26827,17.33618,17.00154,16.81537,7450,56722,996
111.442414996807,0.0274387777592507,19.15134,17.39085,16.73053,16.49126,16.38127,7450,56722,36
111.385017479754,0.112318555391477,20.96818,18.32942,17.07614,16.57466,16.30017,7450,56722,987
118.561572479517,0.0749764918782448,21.50225,18.72673,17.43041,16.90804,16.61829,7451,56739,513
118.635972948275,0.139047936120364,20.05777,18.01732,17.2018,16.9306,16.76656,7451,56739,509
118.772450375584,0.125308250161912,19.29181,17.06553,16.13354,15.81265,15.62161,7451,56739,532
118.95176567514,0.138819834882139,19.08525,17.36928,16.70045,16.41814,16.36483,7451,56739,540
118.890665847094,0.134534096776356,21.07782,18.5871,17.49443,17.08458,16.87171,7451,56739,539
118.898201041086,0.054822684303368,19.3941,17.93017,17.43879,17.27663,17.1883,7451,56739,538
118.982799813859,0.0621272393239156,20.66816,18.34368,17.47043,17.14784,16.99341,7451,56739,575
118.989756712938,0.134688539610518,18.67374,16.98314,16.34473,16.1285,16.03516,7451,56739,574
119.057150827134,0.0237424336587924,18.53596,17.33531,16.98268,16.88398,16.8468,7451,56739,576
119.3594681768,0.111642203620022,18.97398,17.25462,16.55629,16.27449,16.12047,7451,56739,611
119.569805261556,0.0222596047979501,17.32407,16.18974,15.85495,15.76481,15.74333,7451,56739,658
119.664034411104,0.129061218928208,20.61814,18.11192,16.81493,16.28459,15.96646,7451,56739,694
119.742292007371,0.159400930431236,19.72398,17.5277,16.63629,16.32903,16.15121,7451,56739,696
119.916105848098,0.120931723163315,19.13189,17.26668,16.53481,16.25235,16.12642,7451,56739,736
119.873635318252,0.148490523857705,19.87042,17.92779,17.1385,16.81444,16.6314,7451,56739,737
119.898845467776,0.127905405023962,20.20638,17.77103,16.71093,16.34785,16.156,7451,56739,738
120.427152994939,0.134035894394461,18.93879,17.57507,17.09377,16.97331,16.85319,7451,56739,854
120.729683575532,0.109713355547006,21.17813,18.45225,17.17413,16.64764,16.35952,7451,56739,897
120.813085759701,0.127834721489524,18.70891,17.03783,16.43708,16.24959,16.17735,7451,56739,931
120.863632921026,0.0940366540687285,18.42626,18.21336,17.23905,16.48893,15.95293,7451,56739,932
121.020257151971,0.0780468272013961,18.93933,17.15961,16.4295,16.15143,15.98704,7451,56739,973
121.066667276618,0.00849936482248148,20.1165,17.74623,16.78976,16.42256,16.21371,7451,56739,978
121.120442024598,0.122294925732873,20.65332,18.28554,17.24386,16.88739,16.66582,7451,56739,976
121.169718310921,0.0103543178231529,19.8451,17.75286,16.90546,16.60107,16.41942,7451,56739,80
121.363241975659,0.111015107316149,20.64725,18.26732,17.3067,16.96805,16.7604,7451,56739,1000
121.343796833994,0.084362158849011,19.72084,17.67089,16.81603,16.51747,16.3366,7451,56739,999
108.973762271811,0.497046759195289,19.77975,18.65799,17.35743,17.05941,17.03213,7450,56722,756
109.053946773466,0.406712529873404,20.31455,17.56451,16.25408,15.71487,15.40845,7450,56722,510
109.062700878573,0.488376902148168,20.49785,18.25555,17.37507,17.02569,16.81965,7450,56722,774
109.093908136361,0.417842032295041,20.60112,18.12985,17.12096,16.70988,16.46626,7450,56722,528
109.096268444365,0.536383056689378,19.88498,17.46836,16.47456,16.03892,15.79037,7450,56722,504
109.10868611957,0.589844430855556,20.52175,18.10438,16.98298,16.51753,16.23385,7450,56722,531
109.166840760065,0.570578563956901,19.76944,17.47852,16.48833,16.11669,15.91657,7450,56722,539
109.17269151204,0.587990859700762,19.08329,17.56181,16.96193,16.73924,16.67101,7450,56722,527
109.176364712871,0.490534852927568,20.90772,18.32689,16.95412,15.67941,15.00037,7450,56722,521
109.297028761599,0.583688188126581,21.03494,18.13743,16.78404,16.14775,15.78846,7450,56722,561
109.35466902022,0.518343174350734,20.57059,18.32953,17.38888,17.0371,16.83745,7450,56722,565
109.306973675325,0.504549561128145,20.58256,17.96489,16.8091,16.37611,16.14821,7450,56722,567
109.360375651795,0.568649022594762,20.9717,18.18603,16.95414,16.40575,16.11018,7450,56722,563
109.3896192381,0.464620165358926,20.37603,17.83972,16.74128,16.33776,16.1265,7450,56722,568
109.55443368703,0.425317957363958,20.1096,17.58926,16.35517,15.75124,15.3821,7450,56722,615
109.557484864371,0.451606774167672,20.0477,17.96279,17.05792,16.71129,16.52481,7450,56722,614
109.578049923672,0.444233814649454,19.77339,17.14851,15.97386,15.5659,15.34793,7450,56722,608
109.692004568886,0.415279312988764,20.4808,18.07237,17.13914,16.80636,16.6373,7450,56722,658
109.711228216383,0.410294950580777,20.63931,18.29552,17.26886,16.92257,16.73672,7450,56722,654
109.715492817959,0.467933434884184,20.42257,18.341,17.49088,17.14987,16.92405,7450,56722,647
109.73766389112,0.557527788413987,18.98265,16.8442,15.93466,15.54983,15.31243,7450,56722,649
109.832473325198,0.581053350698785,19.21211,17.25114,16.44505,16.11771,15.93442,7450,56722,681
109.718288572383,0.392187719997718,21.01707,18.50245,17.15615,16.50416,16.12731,7450,56722,660
109.940143595824,0.423196581258336,19.703,17.52083,16.45585,16.02538,15.77081,7450,56722,689
109.912969773464,0.413235319628691,19.85881,17.40215,16.33611,15.85821,15.55473,7450,56722,700
109.965554088803,0.46879927782053,20.72662,18.01108,17.05651,16.5556,16.31516,7450,56722,722
109.939408985302,0.474325137387451,20.48723,17.80338,16.48671,15.96987,15.67736,7450,56722,693
110.026014372399,0.55819776693706,19.89443,17.51836,16.58558,16.17941,15.99458,7450,56722,724
110.041964217489,0.540209557669404,21.4867,18.73482,17.33133,16.69917,16.34747,7450,56722,733
110.149313360588,0.58878772882476,18.69104,16.72198,15.88824,15.56445,15.36375,7450,56722,764
110.188333642916,0.498048488296055,19.0734,17.01642,16.17766,15.84096,15.6432,7450,56722,767
110.150565024521,0.48838228345312,19.55125,17.56159,16.68471,16.35975,16.16171,7450,56722,769
110.391683161491,0.547364386391486,20.05026,17.87485,16.90598,16.50574,16.27392,7450,56722,807
110.424468796953,0.538510015147986,21.31389,18.39363,16.93555,16.07536,15.5772,7450,56722,805
110.316150375667,0.495518389524996,19.98812,18.18528,17.40247,17.07235,16.86804,7450,56722,773
110.381506091404,0.51076038548968,19.19147,16.94678,16.03616,15.69736,15.59995,7450,56722,768
110.54571510027,0.515936244729183,20.85608,18.27697,16.96116,16.38774,16.07402,7450,56722,810
110.55272349705,0.551981632337605,19.54285,17.05208,16.04439,15.7005,15.52397,7450,56722,846
110.5634113137,0.536536092231056,19.11288,17.07441,16.15045,15.7315,15.48705,7450,56722,847
110.563207963053,0.386609348990437,19.21284,17.00966,16.03934,15.64318,15.42465,7450,56722,858
110.580801316165,0.55041944302534,21.53032,18.68703,17.2749,16.49671,16.07331,7450,56722,845
110.730002156948,0.585927767494902,19.17612,17.6235,16.91402,16.57666,16.37829,7450,56722,888
110.642375527786,0.499354052010088,20.90568,18.24415,16.79332,15.63835,15.01806,7450,56722,851
110.64515894759,0.470237955525533,20.6849,18.24051,17.16451,16.75297,16.52833,7450,56722,848
110.765242140939,0.417503294485318,20.96145,18.39797,17.05336,16.4237,16.07764,7450,56722,885
110.755775558444,0.532476666079653,20.72554,18.05188,16.75416,16.2245,15.94314,7450,56722,890
110.765940653855,0.555943044848193,22.22368,18.8137,17.47657,16.90035,16.73269,7450,56722,891
110.909962470764,0.417806774307565,19.5856,17.3501,16.28701,15.77944,15.47184,7450,56722,931
110.91131768515,0.393895689144004,19.35404,18.73422,17.44363,17.21918,17.09076,7450,56722,926
111.114578291626,0.586075520030154,19.80178,17.55868,16.64554,16.2282,16.04919,7450,56722,968
111.163814509108,0.549591984732566,19.97053,18.11151,17.2276,16.87933,16.65303,7450,56722,962
111.325278093053,0.389134648380573,18.48845,16.70992,16.00769,15.75034,15.61849,7450,56722,995
111.329410168755,0.589001325279209,19.32881,17.44878,16.70178,16.42319,16.25529,7450,56722,986
111.353751750766,0.588610858626935,20.11849,17.92781,17.02228,16.71109,16.49359,7450,56722,982
111.414084956718,0.437848044920071,20.0377,17.72848,16.72169,16.30435,16.07206,7450,56722,989
111.384346602957,0.459130715303113,20.42936,17.77568,16.60499,16.08478,15.77276,7450,56722,990
118.902575630549,0.549562606710543,17.69414,16.22823,15.76169,15.61428,15.56426,7451,56739,521
118.929754292442,0.542602363259396,21.0264,18.43865,17.29983,16.84381,16.60623,7451,56739,560
118.953724613052,0.569645811703517,19.13086,17.32948,16.66594,16.41205,16.27981,7451,56739,559
118.974737942589,0.443780161946812,18.81689,17.01652,16.3514,16.10346,16.0173,7451,56739,564
119.227015242594,0.500500632146722,20.83133,18.39725,17.35228,16.94761,16.69274,7451,56739,607
119.408369051362,0.504216135365726,18.76024,16.97441,16.26801,16.0054,15.86015,7451,56739,642
119.479428483186,0.50833466172461,18.44116,17.4652,17.12813,17.00698,16.97925,7451,56739,641
119.68447163831,0.425291052005693,19.98783,17.3056,16.03177,15.52693,15.24594,7451,56739,687
119.687107300669,0.506240785071243,19.7512,17.60366,16.7538,16.44942,16.29278,7451,56739,681
119.737950227542,0.471691626497702,21.16038,18.69861,17.39952,16.90438,16.6358,7451,56739,686
119.816278945807,0.489840528104882,20.35547,18.23082,17.28008,16.9617,16.81973,7451,56739,724
119.827614276596,0.503927201568747,20.81359,18.28449,17.06005,16.59959,16.37023,7451,56739,727
119.855290540059,0.576478518089912,19.84051,17.88791,17.15059,16.88511,16.76104,7451,56739,721
119.87787709463,0.548827319210592,18.36756,17.08676,16.63842,16.48021,16.45853,7451,56739,723
120.0305493581,0.542985966846111,18.31425,17.05706,16.67197,16.44762,16.45193,7451,56739,726
120.044062459451,0.49882232027202,18.69139,17.27072,16.78246,16.62472,16.53725,7451,56739,763
120.077119670118,0.496720191250465,18.29783,17.11915,16.68469,16.54044,16.47586,7451,56739,765
120.160888892135,0.584140199732525,18.71224,16.9854,16.2314,15.9442,15.89095,7451,56739,802
120.11252351818,0.432996475208615,20.05183,17.84015,16.92721,16.61826,16.44666,7451,56739,505
120.296379387376,0.512594710155827,19.1964,17.05795,16.22871,15.92388,15.78843,7451,56739,807
120.18733697199,0.495707947379694,19.65853,17.39064,16.40615,16.09165,15.91225,7451,56739,803
120.400611420088,0.454376363830674,18.0427,16.33818,15.7023,15.48335,15.39197,7451,56739,852
120.416570504075,0.55183075217891,20.31658,17.91507,16.72745,16.27399,15.99734,7451,56739,843
120.55145438223,0.451396329978727,21.18261,18.5284,17.29139,16.84099,16.56532,7451,56739,858
120.60617164162,0.584707996427145,19.58726,17.5881,16.77363,16.47843,16.3233,7451,56739,881
120.721850701645,0.553676643634864,18.55692,16.86057,16.17644,15.89613,15.72229,7451,56739,886
120.800337019248,0.534870202831499,19.56008,17.67873,16.88595,16.5583,16.39302,7451,56739,923
121.031155866379,0.560536862575756,18.30891,16.80517,16.02986,15.81643,15.83978,7451,56739,921
121.043960972349,0.577076356391758,19.04777,17.61723,17.0693,16.77516,16.78242,7451,56739,961
120.997186711606,0.469514220742698,20.73901,18.11119,16.95799,16.53802,16.31444,7451,56739,933
121.108984615719,0.469399405620919,19.40547,17.67349,17.05184,16.8621,16.7716,7451,56739,966
121.142225492793,0.436465224291644,19.50037,17.49294,16.68206,16.40662,16.25766,7451,56739,971
121.233287076754,0.585919146377193,19.14715,17.06277,16.24063,15.94159,15.80409,7451,56739,989
121.375987209686,0.44827842373409,20.99115,18.44533,17.33971,16.91944,16.68568,7451,56739,992
109.153315205713,0.915527456859689,21.13715,18.25433,17.1293,16.71638,16.51315,7450,56722,551
109.128654801247,0.818937787118056,20.95805,18.53721,17.40995,17.0109,16.78733,7450,56722,559
109.15979960683,0.854016335023557,19.92147,17.65377,16.70333,16.35388,16.18495,7450,56722,543
109.199240907587,0.86212622937131,20.08603,17.87878,16.96573,16.63479,16.42833,7450,56722,560
109.217436669079,0.885014904955197,20.84087,18.38957,16.98524,15.77184,15.10476,7450,56722,554
109.276145521893,0.983086654517597,20.79326,18.22301,17.23165,16.82999,16.68817,7450,56722,546
109.417014313228,0.81919701035268,19.53451,17.44773,16.50028,16.12997,15.94555,7450,56722,611
109.405910616141,0.87297687813308,20.5454,17.96995,16.81046,16.37228,16.1473,7450,56722,545
109.529462913808,0.876930727156538,20.81338,18.2919,17.01131,16.47811,16.19266,7450,56722,593
109.547100821277,1.00281749482627,19.43614,17.20242,16.24998,15.92268,15.72055,7450,56722,583
109.56709622125,0.960223598832538,19.26489,17.21653,16.35686,16.08046,15.90471,7450,56722,632
109.622701813842,1.00195720654272,20.04156,18.21201,17.45896,17.14974,16.94131,7450,56722,628
109.702748011207,0.951590551871873,19.79746,17.46174,16.38373,15.95558,15.68746,7450,56722,631
109.831820430495,0.943821441342757,19.9261,17.46315,16.44162,16.04027,15.83578,7450,56722,671
109.933143717602,0.934039856424357,19.06156,17.20964,16.37958,16.03727,15.82728,7450,56722,663
109.914017082069,0.93841859275412,20.7872,18.25665,16.86236,15.99996,15.50611,7450,56722,675
109.992569486631,0.926350023743722,19.46613,17.40846,16.58231,16.30081,16.12545,7450,56722,716
110.032213773131,0.842252245673371,21.26348,18.58527,17.4638,17.01573,16.75733,7450,56722,683
110.083113338116,0.823495225251996,20.59936,17.93322,16.75928,16.30222,16.06679,7450,56722,723
110.013372806322,0.90086648954995,20.4744,18.08711,17.02974,16.5545,16.20974,7450,56722,720
110.144858661743,0.906031927627136,21.10132,18.71594,17.31844,16.12677,15.46487,7450,56722,758
110.165169073079,0.886792140440467,20.54049,18.28242,17.32711,16.96568,16.77636,7450,56722,752
110.281795683342,1.00223560643072,20.51786,17.99446,16.70671,16.18859,15.8758,7450,56722,793
110.330347814519,0.997752635419613,20.23083,17.95488,16.97925,16.61776,16.4022,7450,56722,798
110.405143020821,0.885882201921673,21.62557,18.72926,17.31685,16.51927,16.09276,7450,56722,840
110.563285083363,0.93077064676991,19.38357,17.03588,15.97572,15.57244,15.34916,7450,56722,875
216.575180044099,0.181408480429577,18.74941,17.5868,17.16628,16.99931,16.95872,306,51637,360
218.392181133763,0.0345765939612016,18.06772,16.86162,16.42387,16.26542,16.20875,306,51637,551
218.503059612566,0.130963986453061,16.94285,15.9874,15.68572,15.57937,15.56211,306,51637,589
219.207456594008,0.0517374084047598,18.60918,17.73706,17.42037,17.32614,17.27648,4025,55350,856
219.229257587048,0.210589595892574,19.03954,17.83057,17.30989,17.13742,17.05074,306,51637,621
220.168924940678,0.13508134544514,16.43312,15.27207,15.07461,15.0395,15.06218,308,51662,343
220.543332711246,0.169603963639943,18.7183,17.7371,17.37153,17.22185,17.17502,308,51662,359
220.611187289653,0.0867746713971422,17.7981,16.82338,16.482,16.35237,16.3168,2909,54653,359
220.665399529227,0.0727185715488869,18.30155,17.2236,17.17777,17.22236,17.28907,2909,54653,357
220.689273592299,0.145260074617603,19.06736,17.57265,16.98141,16.74582,16.61205,2934,54626,358
220.627582619466,0.182991592573163,19.47313,18.04827,17.36922,17.07212,16.94415,2934,54626,355
220.760842836378,0.051098604991895,18.0843,16.35699,15.58367,15.26735,15.08472,2909,54653,344
220.793952794263,0.0175992883173017,17.4504,16.28452,15.77602,15.53987,15.42845,2909,54653,360
220.802085531285,0.0807218763310271,18.71059,17.1352,16.48517,16.2039,16.05019,2934,54626,359
220.845612057288,0.190188454529098,19.06015,16.87101,15.98732,15.66755,15.49683,2934,54626,395
220.84952340934,0.113948355192372,19.84558,17.98653,17.1606,16.77211,16.56225,2934,54626,396
220.862660220608,0.173326282778381,17.14651,16.00499,15.67176,15.52187,15.46561,2934,54626,400
220.845891782239,0.139817185425469,19.97437,17.42165,16.18141,15.63446,15.33019,2909,54653,356
220.887899086473,0.0267916672230458,20.33729,17.96437,16.78129,16.29331,16.02355,2909,54653,351
220.940019449431,0.124444836825587,18.91331,17.88052,17.42601,17.22159,17.11102,2909,54653,396
220.984389558834,0.0555720405906106,17.51097,16.56714,16.41942,16.40256,16.43812,2909,54653,392
221.005710946174,0.109521247837495,16.76971,15.76044,15.59329,15.55638,15.58101,2909,54653,397
220.911703647645,0.165445384724975,20.16998,17.63592,16.47579,16.04665,15.82076,2934,54626,397
221.094654811997,0.0746812918720564,18.39755,17.09649,16.53316,16.2905,16.18196,2934,54626,271
221.119607044589,0.198736478194973,18.61097,17.45862,17.07661,16.74529,16.90368,308,51662,433
221.177991545287,0.138867311243803,19.56598,17.03926,15.85613,15.43,15.18791,2934,54626,426
221.200564954968,0.179146875522574,17.95126,16.70725,16.19998,15.99883,15.92083,2934,54626,433
221.227813566521,0.0750491684307549,18.14524,16.8628,16.33488,16.11353,15.98849,308,51662,439
221.312204494895,0.0469248278529865,17.33047,17.33286,17.49203,17.54124,17.64049,4022,55352,806
221.314956833698,0.1477597126397,18.45137,17.49443,17.08257,16.8952,16.81693,2909,54653,440
221.224840400973,0.0254172868962753,20.18917,17.9488,17.00724,16.65489,16.45933,2934,54626,238
221.385907274266,0.0871294703083621,18.38992,17.34672,17.00129,16.8558,16.81762,2909,54653,433
221.446478174704,0.0731005790323587,17.88213,16.42658,15.85747,15.6442,15.54078,2909,54653,437
221.527617287411,0.175830178198699,16.77416,15.05554,14.42455,14.54907,14.18362,308,51662,577
221.569513285677,0.2066122986042,17.35683,15.80227,15.19773,14.98677,14.87928,2909,54653,431
221.659947210712,0.194248499034845,18.43828,16.96999,16.41118,16.20834,16.12102,2909,54653,470
221.67117571881,0.0597538332052017,17.60739,16.11046,15.56642,15.38827,15.31118,2909,54653,472
221.704945540367,0.126831250300237,17.5851,16.64632,16.34442,16.2149,16.16444,2909,54653,480
221.705924842343,0.0830368745468164,18.73408,16.57406,15.69741,15.40479,15.24007,2909,54653,474
221.728644600109,0.179958953107228,17.19806,15.85121,15.27775,15.03811,14.9127,2909,54653,473
221.73363088768,0.0387275918171784,16.81096,15.53693,15.06481,14.9075,14.8363,2934,54626,195
221.954992402009,0.0975332386129164,17.97042,16.48779,15.85374,15.60425,15.44877,2909,54653,499
222.003481587931,0.0636987962428846,17.49656,16.49883,16.2697,16.19641,16.19189,2909,54653,492
222.053406284775,0.0583211609519218,18.79219,17.08549,16.35181,16.02585,15.86136,2934,54626,175
222.062792585829,0.157504450753604,17.74343,16.64071,16.66866,16.7095,16.75649,2909,54653,494
222.090648376362,0.206201007380687,18.0148,16.80293,16.27286,16.05801,15.95685,2909,54653,490
222.122885717052,0.169481712718117,16.66724,15.48608,15.48746,15.55609,15.64567,2909,54653,483
222.132369555635,0.0285721333920812,18.4726,17.14293,16.54384,16.27626,16.12862,2934,54626,152
222.141861832497,0.165401457325151,16.68,15.74014,15.43778,15.32019,15.298,2909,54653,515
222.188159457967,0.196671216507419,21.3878,18.61933,17.4465,16.99415,16.73313,2934,54626,515
222.241793852427,0.178510493832058,16.48252,15.26722,15.07803,15.02143,15.00655,2909,54653,512
222.256121126581,0.119484593179973,20.12947,18.04851,16.87538,16.61753,16.35061,2934,54626,517
222.409563254521,0.165657486910748,18.31426,16.92112,16.39803,16.21412,16.14119,2909,54653,502
222.447564568577,0.194133533313121,18.31545,16.77258,16.14369,15.90647,15.7795,2934,54626,557
222.449219258271,0.0465388996776675,18.82688,17.43663,16.87482,16.66729,16.57317,2909,54653,556
222.471766223735,0.196620170548466,17.21712,15.99483,15.56339,15.41577,15.3763,2934,54626,560
222.515479564332,0.0328271001642391,18.21097,17.12486,16.63745,16.43262,16.36126,2909,54653,555
222.5066311283,0.094049633474476,18.74623,17.66712,17.19659,17.01031,16.9326,2909,54653,558
222.722764430367,0.139704816295803,19.92729,17.38709,16.24222,15.8321,15.60361,2934,54626,591
222.798919299035,0.023076467946749,17.27529,16.36855,16.04668,15.99549,15.95272,2909,54653,594
222.685773870796,0.146244628013919,20.68461,18.103,16.72157,15.991,15.5684,2909,54653,599
222.830448130349,0.0638700337860085,20.20827,17.37729,16.15799,15.65085,15.35431,2934,54626,67
222.868871709756,0.108009138757814,17.13144,16.01034,15.78126,15.7427,15.7451,2909,54653,589
222.89180729605,0.055677006779601,16.43975,15.49616,15.10993,14.97314,14.9166,2909,54653,593
222.895751170658,0.127787303779546,17.35557,16.31992,16.01115,15.92031,15.89397,3314,54970,291
222.914052711708,0.104683267114847,17.94172,16.95322,16.49783,16.35347,16.25238,3314,54970,292
222.9178994004,0.100243686977986,16.52147,15.34416,14.83595,14.61737,14.50067,2909,54653,581
222.923555463402,0.135548338571389,17.40322,16.38622,16.01161,15.86868,15.80709,2909,54653,595
222.898595620216,0.0402888355301817,20.71811,18.50414,17.4676,17.09098,16.86048,3314,54970,299
222.934207781284,0.1401670450765,19.74522,18.00937,17.23207,16.93171,16.74726,2934,54626,599
223.004127999188,0.150261054526436,18.48644,17.00101,16.38614,16.15555,16.05182,2934,54626,597
223.032037513822,0.193656716019545,18.511,17.60935,17.31671,17.20423,17.17743,3314,54970,247
223.14857575355,0.0983370002014582,18.30755,16.85503,16.30859,16.1228,16.04641,2909,54653,636
223.167804117143,0.198337851359215,18.46225,17.30541,16.85886,16.63938,16.62849,309,51994,394
223.18929058879,0.125801077825802,18.79,17.47044,16.94105,16.7439,16.655,2909,54653,624
223.198061084146,0.0724201332713165,18.79984,17.48706,16.98499,16.79989,16.71269,309,51994,392
223.208359618248,0.158815186024352,19.88565,17.83984,16.97975,16.64454,16.44793,2934,54626,637
223.390516182996,0.173281199598538,18.35542,17.45857,17.14945,17.01323,16.98598,3314,54970,370
223.40571878558,0.0861473156195045,18.09757,17.0354,16.72156,16.60344,16.58261,2909,54653,630
223.422322019673,0.0820942490430223,17.04133,16.04994,15.72524,15.59361,15.56467,2909,54653,479
223.374323889598,0.0428654876377896,19.48278,18.07207,17.49933,17.22918,17.07994,3314,54970,216
223.515367670341,0.0217115967596599,18.70699,17.16095,16.49718,16.28709,16.18022,3314,54970,212
223.819921034531,0.0355986941922274,17.11251,16.04703,15.61224,15.43112,15.37833,3314,54970,411
224.065706690524,0.115136718178904,17.93685,16.52033,15.9433,15.71246,15.59136,3314,54970,412
224.075169301809,0.171691095810149,16.24333,15.19536,15.05885,15.04163,15.07286,309,51994,519
224.125877025669,0.0419084282348021,17.42609,16.15758,16.28662,16.40668,16.45935,3314,54970,452
224.535961148355,0.154203891632356,16.83683,15.13284,14.58059,14.77945,14.36921,310,51990,356
224.848352841065,0.010337404682819,18.48796,17.55045,17.24175,17.12707,17.0925,310,51990,310
210.689663035725,-0.410904577942621,18.37695,17.1511,16.72061,16.56087,16.48575,302,51688,308
211.895460565572,-0.38877566876895,18.99113,17.80291,17.33478,17.20868,17.12686,302,51688,191
212.045864730689,-0.273361242458709,17.72441,16.83494,16.49445,16.36187,16.31086,303,51615,319
212.052326734718,-0.309697728938305,18.52306,17.62845,17.33286,17.23269,17.18775,4034,55635,358
214.349482602608,-0.372449901380999,17.88941,16.83972,17.0455,17.20097,17.27602,304,51609,219
214.981034942892,-0.350667969283844,18.57634,17.55391,17.3186,17.20335,17.36417,304,51609,150
215.672329251061,-0.28118038684906,17.85762,16.95366,16.63155,16.38815,16.20727,304,51609,56
215.685346670658,-0.326963026704714,20.15447,17.88402,16.98513,16.49217,16.16193,304,51609,48
215.686314710048,-0.231450831616944,18.90991,17.36781,16.72392,16.35706,16.09607,304,51609,44
216.544945731323,-0.220936069105767,18.41167,17.55999,17.28808,17.20184,17.18293,4028,55621,196
216.657156895322,-0.384786982132589,18.23274,17.37624,17.03206,16.89259,16.83711,4028,55621,194
216.744046713004,-0.348999298822264,17.15237,16.67966,16.81456,16.74496,16.85681,306,51637,317
218.606333072096,-0.384100030220991,17.5683,16.33926,16.50531,16.62241,16.71804,307,51663,317
219.131585257115,-0.289530556958989,18.09662,17.13275,16.86296,16.73379,16.68733,307,51663,274
220.004611628138,-0.346216346589561,18.43049,17.31889,17.22725,17.22523,17.3014,307,51663,114
220.575319329361,-0.31770802730656,19.01377,17.02807,16.24809,15.99019,15.85509,2934,54626,251
220.594316326248,-0.26145266674099,18.54706,17.24625,16.65666,16.40368,16.26132,2934,54626,224
220.657089115673,-0.234454338211856,18.95385,17.7898,17.34534,17.21222,17.14608,2934,54626,309
220.669747411568,-0.276509323790134,19.07955,17.95782,17.45247,17.25164,17.14688,2909,54653,316
220.710357313634,-0.283238641750799,17.08967,16.11577,15.80934,15.69172,15.65587,2909,54653,319
220.765134878063,-0.369181873431536,16.58427,15.00662,14.44123,14.26824,14.20088,2909,54653,314
220.773863972347,-0.340907710019174,17.62395,16.40493,15.89109,15.66814,15.58305,2909,54653,307
220.870153839451,-0.290549421501365,18.14809,17.18363,16.85665,16.74749,16.70049,2909,54653,318
220.871478774559,-0.312649382620532,17.26716,16.17388,15.97824,15.95787,15.98239,2909,54653,310
220.905534816106,-0.355259694229795,17.28678,15.89817,15.38214,15.22142,15.16397,2909,54653,301
220.928451258825,-0.234266836005942,16.9567,15.93213,15.60641,15.49294,15.46763,2909,54653,306
220.98728607239,-0.404689856591222,18.69304,17.31004,16.76813,16.5798,16.51129,2909,54653,309
220.998364113078,-0.347312677042619,17.85019,16.68429,16.25534,16.1238,16.07401,307,51663,34
221.010086663602,-0.323250499377885,17.69454,16.25709,15.70632,15.51625,15.44129,2909,54653,262
221.031571225923,-0.226511599771388,18.03664,16.6455,16.13513,15.97448,15.91446,2909,54653,273
220.985972156149,-0.395627197177458,19.6971,17.98962,17.27956,17.02892,16.89647,2934,54626,264
221.083316329212,-0.316702987814397,18.18855,17.16999,16.82208,16.69254,16.6537,2934,54626,274
221.238463282355,-0.380705872371301,18.47526,17.15581,16.6083,16.40293,16.29219,2909,54653,277
221.336959292284,-0.394012587973487,16.96345,15.34731,14.67604,14.39694,14.23045,2909,54653,227
221.214572702959,-0.328841336415028,20.04603,17.24885,16.13941,15.6649,15.3961,2934,54626,240
221.414127890345,-0.231689738256115,18.77852,17.72373,17.20697,16.98513,16.87178,2909,54653,240
221.444961074894,-0.38296030972278,19.60966,17.16908,16.04705,15.5883,15.3085,2934,54626,187
221.496650400177,-0.360805900011793,18.08764,16.73469,16.19155,15.97085,15.85225,2909,54653,233
221.576694787267,-0.223919079762561,19.35189,16.9162,15.90718,15.62133,15.46043,2934,54626,184
221.576273189217,-0.22435888600289,18.48846,17.07386,16.68788,16.46419,16.41257,2909,54653,235
221.701546203214,-0.308249122802878,16.25419,15.0127,15.12641,15.25548,15.31104,2909,54653,197
221.738678691909,-0.308097504715814,16.95644,15.9829,15.66568,15.55387,15.51751,2909,54653,198
221.751163124399,-0.335569024324482,16.92311,15.90451,15.56189,15.43696,15.38871,2909,54653,194
221.76656929908,-0.23127808449141,18.55572,16.89247,16.28361,16.06002,15.95249,2909,54653,199
221.812579367495,-0.230375491695175,20.22606,17.55639,16.30288,15.79689,15.52326,2934,54626,162
221.867054608426,-0.380567755784992,17.60292,16.5654,16.19623,16.07096,16.01812,2934,54626,165
221.886402307413,-0.303087797407776,17.48874,15.92927,15.27142,15.01783,14.85736,2909,54653,195
221.998728952682,-0.40977176511549,18.96243,17.46158,16.89968,16.70844,16.64001,2909,54653,172
222.016045894593,-0.224965702659855,17.15884,16.14446,15.75634,15.62038,15.55754,2909,54653,170
222.019646731951,-0.260272522130933,18.80466,16.36098,15.43895,15.11447,14.90683,2909,54653,174
222.034034696106,-0.282045628043859,17.81553,16.88468,16.62523,16.54511,16.52566,2934,54626,168
222.054623985027,-0.276806674880922,18.65117,17.70037,17.3428,17.22229,17.18707,4022,55352,76
222.024238333316,-0.305904807170023,19.7312,17.56221,16.67466,16.37282,16.19201,2934,54626,180
222.117436180218,-0.247339767626801,18.57226,17.09847,16.54571,16.35415,16.25857,2909,54653,173
222.187152379446,-0.281466768885704,17.11092,15.53625,14.90803,14.65134,14.51174,2909,54653,152
222.324524505784,-0.358199751056293,17.90112,16.53983,16.0183,15.83073,15.76184,2909,54653,159
222.336655223083,-0.217801435711924,18.36575,16.94322,16.31017,16.00787,15.85299,2934,54626,158
222.31175174863,-0.360682854878418,20.00305,17.77134,16.87519,16.49314,16.27873,2934,54626,141
222.490005801627,-0.27931215411295,18.35082,16.21089,15.35394,15.04919,14.89973,2909,54653,153
222.546241836492,-0.351066198070281,16.5376,15.00012,14.45243,14.28323,14.22406,2909,54653,154
222.582719719233,-0.223584150945063,19.04254,17.54796,16.79755,16.5596,16.44206,2934,54626,107
222.647653360097,-0.340086887899186,19.41267,18.0135,17.41829,17.18023,17.05245,2909,54653,116
222.703366121027,-0.236286786788502,16.84117,15.66679,15.22424,15.06011,15.00685,2909,54653,119
222.811603802374,-0.312654116265215,16.89447,15.79456,15.39127,15.25373,15.21812,309,51994,315
222.734533020154,-0.375258905821539,19.62139,18.08791,17.39957,17.11317,16.96455,2934,54626,111
222.855284668413,-0.273862090417839,16.44645,15.56705,15.23141,15.09125,15.05773,2909,54653,74
222.861284351277,-0.337756284625422,18.6275,17.24921,16.69152,16.4718,16.38489,2909,54653,66
222.903009543683,-0.212327881260214,19.60765,17.33574,16.46857,16.12564,15.93489,2934,54626,62
222.919603533376,-0.234913083365647,19.7943,17.99894,17.27522,17.19596,16.95751,308,51662,38
222.999870260309,-0.213512304046679,19.03621,16.6354,15.69223,15.3662,15.19325,2909,54653,70
223.003668730597,-0.300942091083421,15.99555,14.94448,14.64323,14.51277,14.47664,2909,54653,61
223.023994476197,-0.341081853374117,18.03777,17.11553,16.87674,16.77307,16.75939,2909,54653,62
223.043712962241,-0.314765199118636,17.8741,16.90178,16.59199,16.46433,16.42957,2934,54626,80
223.043894148685,-0.323349964237041,18.58674,17.6642,17.31587,17.16382,17.10665,4019,55363,406
223.052046298773,-0.30818713065146,18.75331,17.33838,16.76682,16.53391,16.42318,3314,54970,295
223.07322868757,-0.226795395365983,18.04672,16.69797,16.17145,15.97064,15.87306,2909,54653,67
223.127760005519,-0.329582007205488,21.18812,18.37791,17.22725,16.8853,16.6279,3314,54970,242
223.144374415008,-0.403527419060659,17.60544,16.42516,15.93866,15.69838,15.60868,2909,54653,63
223.160932927749,-0.254382711680452,18.30376,16.78447,16.22766,16.03891,15.95012,2909,54653,29
223.18965719191,-0.345408744155271,18.55926,17.64779,17.33688,17.19569,17.15988,3314,54970,253
223.209686050126,-0.361516717215858,17.03871,15.75801,15.33055,15.18019,15.14042,3314,54970,251
223.255217492112,-0.331711165966197,16.92,15.63155,15.06749,14.80964,14.68927,2909,54653,26
223.215752898797,-0.209944330462747,20.6853,18.22865,17.17674,16.96706,16.59782,309,51994,279
223.328258228529,-0.303303167819163,17.23661,16.30433,15.94709,15.80447,15.74808,2909,54653,39
223.342014174588,-0.225287642585598,18.05181,16.75488,16.28362,16.11552,16.05088,3314,54970,250
223.400842120208,-0.213351708957401,17.35765,15.71953,15.14707,14.96158,14.88078,2909,54653,37
223.410982296443,-0.359605780534921,19.46153,16.9781,15.90001,15.42339,15.15937,2934,54626,38
223.527776283208,-0.231517957381777,18.60628,17.19861,16.59263,16.35667,16.2167,3314,54970,207
173.098184914393,-0.443910410198689,18.56321,17.06094,16.54046,16.38278,16.31502,2862,54471,264
173.119271792106,-0.576716977448391,18.95403,16.76134,15.87748,15.59498,15.46106,3233,54891,592
173.24306387693,-0.429266556415331,18.25786,17.26303,16.86523,16.68663,16.64486,281,51614,36
173.244418908062,-0.463020272733827,16.55837,15.568,15.24423,15.10714,15.11522,2862,54471,266
173.108689402835,-0.516590088292254,19.43694,18.03432,17.45634,17.27229,17.15916,3233,54891,587
173.259371664271,-0.502529818284954,18.85049,17.84582,17.47629,17.33846,17.34741,3233,54891,621
173.262825109293,-0.587077370509905,18.14501,16.79992,16.30426,16.14146,16.10781,2862,54471,267
173.27995511623,-0.432990008632311,16.65928,15.12397,14.49263,14.26027,14.17529,2862,54471,237
173.341219182627,-0.572561976230957,18.53921,17.19631,16.64381,16.41402,16.33263,2862,54471,235
173.406842284231,-0.589774900533147,19.17735,17.77072,17.18398,16.93232,16.79774,2877,54523,226
173.42889682525,-0.542158504880856,18.15841,16.75034,16.20486,16.00669,15.92221,2877,54523,230
173.453726406707,-0.495152022559274,17.7165,16.23134,15.68185,15.48992,15.4255,2862,54471,226
173.47383293067,-0.472154663932544,16.58746,15.08659,14.54309,14.36515,14.31197,2862,54471,239
173.503806331287,-0.499132957172701,19.37991,17.9173,17.38715,17.18975,17.09836,2862,54471,224
173.519571892526,-0.557342346077508,16.2971,14.81484,14.24055,14.02802,13.94047,2862,54471,232
173.452725660693,-0.568891284773645,19.72099,17.91372,17.11585,16.77787,16.59048,2877,54523,221
173.526530824341,-0.59421788954818,21.28285,18.17556,16.98786,16.53478,16.26401,2877,54523,187
173.548101517056,-0.529011974921116,18.88037,17.8245,17.32858,17.12408,17.02691,2862,54471,228
173.567776539158,-0.518067448737973,18.07876,17.10173,16.73598,16.59955,16.56311,2862,54471,198
173.625183849947,-0.58277076477697,17.06594,15.61958,15.08671,14.87506,14.80705,2862,54471,181
173.743899732385,-0.513867292153191,16.83441,15.743,15.36877,15.23022,15.21796,2877,54523,186
173.765400797233,-0.535072417851775,18.43336,17.52066,17.24332,17.15038,17.1537,2862,54471,189
173.820927483516,-0.437535799703627,19.16727,17.56956,16.90893,16.6181,16.41321,2877,54523,170
173.825264402619,-0.515007936895153,18.05097,16.65961,16.11712,15.91125,15.831,2862,54471,194
173.853963528769,-0.58749433879315,16.1282,15.10459,14.84691,14.75963,14.76869,2862,54471,182
173.906191397001,-0.590918881264841,16.85591,15.50474,15.01576,14.82596,14.76052,2862,54471,138
173.946040388893,-0.575538179888017,17.24667,16.28888,16.17485,16.15465,16.18725,282,51658,172
173.955625469742,-0.520630584628367,18.56201,17.35259,17.2698,17.25536,17.26768,282,51658,174
174.027537557369,-0.623627590932158,18.49874,17.27433,16.73376,16.51028,16.39857,2877,54523,169
174.060887825326,-0.487317888857356,18.31554,16.56946,15.83237,15.57311,15.43454,2862,54471,175
174.096674152737,-0.467427186550018,18.50917,17.07857,16.56434,16.37294,16.31656,2877,54523,159
174.097318360553,-0.491253925089634,18.94712,17.66603,17.17448,17.00892,16.94103,2862,54471,149